,name,preprocessed
0,A. 고메스,"['네이마르 Jr.', 'D. 마라도나', '리오넬 메시', '루드 굴리트']"
1,A. 골로빈,"['사울', '산티 미나', '악셀 비첼', '루카 모드리치', '루드 굴리트']"
2,A. 과르다도,"['마르코스 로호', 'P. 비에이라', '에마뉘엘 프티', '라파엘 바란', '조던 모리스']"
3,A. 그랑크비스트,"['라파엘 바란', '다비드 루이스', 'R. 푸네스 모리']"
4,A. 그리즈만,"['킬리안 음바페', '모하메드 살라', '가레스 베일', '네이마르 Jr.', '리오넬 메시']"
5,A. 네스타,"['야프 스탐', '라파엘 바란', '파올로 말디니', '솔 캠벨']"
6,A. 데이비스,"['하비 반스', '무사 뎀벨레', '오카자키 신지', '브루누 페레스', '제이미 바디']"
7,A. 델피에로,"['네이마르 Jr.', '에우제비우', '요한 크루이프', '로베르토 바조']"
8,A. 두쿠레,"['A. 셰브첸코', '제롬 보아텡', 'P. 비에이라', '미하엘 발락', '루드 굴리트']"
9,A. 디아와라,"['에마뉘엘 프티', '은골로 캉테', 'P. 비에이라', 'A. 산체스']"
10,A. 라비오,"['은골로 캉테', 'P. 비에이라', '에마뉘엘 프티', '폴 포그바', '루드 굴리트']"
11,A. 라카제트,"['S. 아구에로', '카림 벤제마', 'P. 오바메양', '티에리 앙리', '호나우두']"
12,A. 라포르트,"['제롬 보아텡', 'S. 아구에로', '라파엘 바란', '세르히오 라모스', '파올로 말디니']"
13,A. 로마뇰리,"['조던 헨더슨', '은골로 캉테', 'A. 네스타', '미하엘 발락', '파올로 말디니']"
14,A. 로버트슨,"['호나우두', '카림 벤제마', '모하메드 살라', '홍철', '곤살로 이과인']"
15,A. 루크먼,"['S. 아구에로', '루크 쇼', '구보 다케후사', '제이든 산초']"
16,A. 뤼디거,"['다비드 루이스', '벤 데이비스', 'A. 데이비스', '크리스 스몰링', '대니 로즈']"
17,A. 마르체신,"['제르단 샤키리', '리오넬 메시']"
18,A. 마시엘로,"['벤 포스터', '웨인 헤네시']"
19,A. 모데스테,"['프랑크 리베리', '로멜루 루카쿠', '티에리 앙리', '올리비에 지루', '하석주']"
20,A. 무리치,['라파엘 바란']
21,A. 미트로비치,"['카스퍼 돌베르', '카림 벤제마', '로멜루 루카쿠', '로비 브레이디', 'M. 발로텔리']"
22,A. 밀리크,"['C. 사파타', '무사 시소코', '퀸시 프로머스', '해리 케인', '곤살로 이과인']"
23,A. 바르찰리,"['L. 보누치', 'G. 키엘리니', '파올로 말디니', '루드 굴리트', 'F. 칸나바로']"
24,A. 바스토니,"['커트 주마', '하미레스', '리스 넬슨', '리스 제임스', '루드 굴리트']"
25,A. 발렌시아,"['홍철', '차두리', '카푸', '카일 워커']"
26,A. 베고비치,['G. 돈나룸마']
27,A. 벨로티,"['H. 크레스포', '에딘 제코', '라파엘 바란', '카림 벤제마', '파올로 말디니']"
28,A. 브레메,"['L. 마테우스', '홍철', '카푸', 'P. 비에이라']"
29,A. 사나브리아,['루드 굴리트']
30,A. 산체스,"['네이마르 Jr.', '후안 마타', 'D. 마라도나', '리오넬 메시']"
31,A. 셰브첸코,"['크리스티아누 호날두', 'H. 크레스포', '티에리 앙리', '호나우두']"
32,A. 아레올라,"['이스코', '에런 모이']"
33,A. 아이다라,['테오']
34,A. 야누자이,['후안 마타']
35,A. 야르몰렌코,"['가레스 베일', '로스 바클리', '루드 굴리트', '카일 워커']"
36,A. 엘카야티,"['히바우두', '루드 굴리트', 'S. 베르흐베인']"
37,A. 옥스-체임벌린,"['스티븐 제라드', '제르단 샤키리', '마리오 괴체', '제임스 밀너', '파비뉴']"
38,A. 완-비사카,['세르히오 라모스']
39,A. 외뮈르,"['로만 뷔어키', '리오넬 메시']"
40,A. 윌리엄스,['알렉스 산드루']
41,A. 이사크,"['알반 라퐁', 'A. 데이비스', '킬리안 음바페', '다비드 알라바', '가레스 베일']"
42,A. 지브코비치,['잔루이지 부폰']
43,A. 콘실리,"['P. 비에이라', 'A. 발렌시아', '킬리안 음바페', '카림 벤제마', '카를로스 바카']"
44,A. 콜라로프,"['페를랑 멘디', 'P. 비에이라', '에마뉘엘 프티', '맷 리치', '솔 캠벨']"
45,A. 크라뇨,"['라파엘 바란', '사뮈엘 움티티']"
46,A. 크라마리치,"['H. 크레스포', '에덴 아자르', '맷 리치', '가가와 신지', '호나우두']"
47,A. 크리스텐센,"['다비드 루이스', '라파엘 바란', '크리스 스몰링', 'A. 뤼디거', '파올로 말디니']"
48,A. 클로드-모리스,"['유상철', 'P. 비에이라', '백승호', '이강인', '기성용']"
49,A. 타운젠드,"['헐크', '에우데르 코스타', '가레스 베일', '리로이 자네', '저메인 렌스']"
50,A. 트라오레,"['잔루이지 부폰', 'S. 아구에로', '킬리안 음바페', '폴 포그바', '웨인 루니']"
51,A. 팔로스키,"['크리스티아누 호날두', 'P. 오바메양', 'C. 비에리', '루드 굴리트', '필리포 인자기']"
52,A. 팔로체비치,"['김태영', '양상민']"
53,A. 플로렌치,"['은골로 캉테', '에마뉘엘 프티', '로렌', '홍철', '루드 굴리트']"
54,A. 핀보가손,"['황선홍', 'D. 트레제게', '로멜루 루카쿠', '이동국', '박주영']"
55,A. 하키미,"['주앙 칸셀루', '에덴 아자르', '페를랑 멘디', '홍철', '파올로 말디니']"
56,A. 할릴로비치,['유리 베르치체']
57,B. 고미스,"['카시야스', '티보 쿠르투아', '데헤아']"
58,B. 라우드루프,"['호나우두', '호나우지뉴', '리오넬 메시', '곤살로 이과인']"
59,B. 마르팅스 인디,"['커트 주마', 'M. 더리흐트', 'F. 레이카르트']"
60,B. 마튀이디,"['은골로 캉테', 'P. 비에이라', '에마뉘엘 프티', '악셀 비첼', '라자 나잉골란']"
61,B. 수마레,"['율리안 브란트', '안드레 쉬얼레', '케빈 폴란트', '리오넬 메시', '무사 디아비']"
62,B. 슈바인슈타이거,"['폴 스콜스', '스티븐 제라드', '메수트 외질', '미하엘 발락', '폴 포그바']"
63,B. 아수-에코토,['베투']
64,B. 제마일리,['호나우두']
65,B. 카마라,"['라파엘 바란', '얀 베르통언', '솔 캠벨', '루드 굴리트', '파올로 말디니']"
66,B. 트라우트만,"['E. 가라이', '레프 야신', '가야', '파올로 말디니']"
67,B. 회베데스,"['P. 비에이라', '야프 스탐', '이정수', '홍명보', '파올로 말디니']"
68,C. 그르니에,"['제롬 보아텡', '아르투로 비달', '기성용', '폴 포그바', '히바우두']"
69,C. 로드리게스,"['카시야스', '포르투']"
70,C. 로메로,"['A. 네스타', '하세베 마코토', 'F. 칸나바로']"
71,C. 마르키시오,"['아르투로 비달', '폴 포그바', '루카 모드리치', 'P. 비에이라']"
72,C. 마조,"['야프 스탐', '다니엘 바스', '리오넬 메시']"
73,C. 마켈렐레,"['미하엘 발락', '은골로 캉테', '마리오 괴체', '에마뉘엘 프티']"
74,C. 발데라마,"['마르코스 알론소', '잔프랑코 졸라', '루드 굴리트', '웨인 헤네시']"
75,C. 벤테케,"['M. 발로텔리', 'H. 크레스포', '로멜루 루카쿠', '피터 크라우치']"
76,C. 브라보,"['은골로 캉테', 'P. 비에이라', '에마뉘엘 프티', '페이비언 델프', 'G. 잠브로타']"
77,C. 비에리,"['H. 크레스포', '필리포 인자기', '로멜루 루카쿠', '호나우두']"
78,C. 살세도,"['닉 포프', 'I. 사르', 'A. 베고비치', '에데르']"
79,C. 세이도르프,"['파벨 네드베드', '에마뉘엘 프티', '미하엘 발락', '폴 포그바', '루드 굴리트']"
80,C. 스투아니,"['곽태휘', '헤수스 코로나', '올리비에 지루', '리오넬 메시']"
81,C. 아랑기스,"['마르코 베라티', 'S. 아구에로', '에리크 라멜라', '네마냐 마티치', '루드 굴리트']"
82,C. 에릭센,"['파벨 네드베드', '에릭 다이어', '루카 모드리치', '리오넬 메시', '루드 굴리트']"
83,C. 은쿤쿠,"['리오 퍼디난드', '로이 킨', '아르투로 비달', '폴 포그바', '파올로 말디니']"
84,C. 카터-비커스,"['테오', '주앙 칸셀루', '아드리안 마린', '홍철', '파올로 말디니']"
85,C. 캐스카트,"['A. 고메스', 'D. 카를루스', '네이마르 Jr.', '에릭 바이']"
86,C. 쿠아메,"['카일 워커', '주앙 펠릭스']"
87,C. 크라머,"['하미레스', '은골로 캉테', '홍철', 'A. 과르다도', '조르디 알바']"
88,C. 테베스,"['S. 아구에로', '웨인 루니', '리오넬 메시', 'D. 트레제게']"
89,C. 푸욜,"['피케', '라파엘 바란', '파올로 말디니', 'F. 칸나바로']"
90,C. 풀리식,"['에덴 아자르', '차범근', '페드로', '네이마르 Jr.', '윌리안']"
91,C. 피사로,"['P. 비에이라', '에마뉘엘 프티', '마티외 드뷔시', '데쿠', '올리비에 지루']"
92,C. 허드슨-오도이,"['이강인', '김신욱', '리오넬 메시', '루드 굴리트', '하석주']"
93,D. 그레이,['잔프랑코 졸라']
94,D. 데로시,"['은골로 캉테', '루드 굴리트', 'P. 비에이라', '에마뉘엘 프티']"
95,D. 듀헤이니,"['나니', '가가와 신지']"
96,D. 드로그바,"['S. 아구에로', '지네딘 지단', '웨인 루니', '프랭크 램파드']"
97,D. 드링크워터,"['헐크', '리스 넬슨', '로멜루 루카쿠', '포르투', '호나우두']"
98,D. 루가니,"['은골로 캉테', '박지성', '홍철', '카일 워커', '제이미 바디']"
99,D. 리바코비치,"['토마 르마르', '닉 포프', '벤 포스터', '데헤아', 'A. 베고비치']"
100,D. 마라도나,"['네이마르 Jr.', '펠레', '가레스 베일', '리오넬 메시']"
101,D. 메르턴스,"['네이마르 Jr.', '에덴 아자르', '리오넬 메시', '킬리안 음바페']"
102,D. 반더베이크,"['미하엘 발락', '데일리 블린트', 'F. 레이카르트', '나이젤 더용', '루드 굴리트']"
103,D. 베날리오,"['리스 넬슨', '라파엘 바란', '이니에스타', 'A. 고메스', '세르히오 라모스']"
104,D. 베라르디,"['리오넬 메시', '리로이 자네', '사디오 마네', '나비 케이타']"
105,D. 베르캄프,"['프랭크 램파드', '요한 크루이프', '루드 굴리트', '티에리 앙리']"
106,D. 보네라,['카일 워커']
107,D. 브룩스,"['라이언 긱스', '가레스 베일', '베베']"
108,D. 사마세쿠,"['로만 뷔어키', '김신욱', '조지 베스트']"
109,D. 소보슬러이,"['L. 마테우스', '하네스 볼프', '티모 베르너']"
110,D. 수바시치,"['김정민', 'A. 베고비치', '데헤아']"
111,D. 스터리지,"['가레스 베일', '해리 케인', '모하메드 살라', '페르난도 토레스']"
112,D. 오스피나,"['조르디 알바', '클레망 랑글레', '뤼카 디뉴', '루드 굴리트']"
113,D. 우파메카노,"['디아프라 사코', '라파엘 바란', '솔 캠벨', '세르히오 라모스', '파올로 말디니']"
114,D. 자카리아,"['커트 주마', '야야 사노고', '파비뉴', 'P. 비에이라']"
115,D. 차파코스타,"['프레디 과린', '홍철', 'F. 페레이라', '카일 워커', '히카르두 굴라르']"
116,D. 체리셰프,['헤수스 코로나']
117,D. 치그린스키,"['솔 캠벨', '사뮈엘 움티티', '호나우두']"
118,D. 코브나츠키,"['주앙 칸셀루', '홍철', '네이마르 Jr.', '넬송 세메두', '카일 워커']"
119,D. 트레제게,"['크리스티아누 호날두', '해리 케인', '얀 콜러', '티에리 앙리']"
120,D. 파예트,"['윌프리드 자하', 'P. 비에이라', '에마뉘엘 프티', '유라이 쿠츠카', '루드 굴리트']"
121,D. 프뢰퍼르,"['H. 크레스포', '에딘 제코', '크리스티아누 호날두', '치로 임모빌레', '시모네 차차']"
122,E. 가라이,"['밀란 바델', '크리스티아누 호날두', 'P. 오바메양', 'D. 데로시', '파비뉴']"
123,E. 데르디요크,"['P. 비에이라', '에마뉘엘 프티', '김신욱', '얀 콜러', '루드 굴리트']"
124,E. 망갈라,"['니콜라 페페', '헤수스 코로나', '이정수', '포르투', '브루누 알베스']"
125,E. 무뇨스,"['마르코스 로호', '페를랑 멘디', '무사 뎀벨레']"
126,E. 바르가스,"['페이비언 델프', '루드 굴리트', '크리스티아누 호날두']"
127,E. 반데르사르,"['미하엘 발락', '루드 굴리트', 'P. 비에이라', '데헤아']"
128,E. 발렌시아,"['존 테리', '웨스 모건', '조니', '조니 에번스']"
129,E. 비비아노,"['M. 테어슈테겐', 'A. 베고비치']"
130,E. 살비오,"['하울', '가레스 베일', '솔 캠벨', '앙헬 코레아', '파올로 말디니']"
131,E. 아데바요르,"['로빈 반페르시', 'M. 발로텔리', '에딘 제코', 'D. 트레제게']"
132,E. 알바레스,"['닉 포프', '포르투']"
133,E. 인수아,"['테오', '무사 시소코', '엠레 잔', '파비뉴', '마르셀루']"
134,E. 포르스베리,"['크리스티아누 호날두', '루드 굴리트', 'P. 비에이라']"
135,E. 플로레스,['P. 비에이라']
136,E. 홀란,"['루드 굴리트', '로멜루 루카쿠', 'P. 오바메양', '마르코 로이스']"
137,F. 노이하우스,"['프렝키 더용', '베론', '아르투로 비달', '레온 고레츠카', '미하엘 발락']"
138,F. 레이카르트,"['파올로 말디니', '루드 굴리트', 'P. 비에이라', '에마뉘엘 프티']"
139,F. 마냐넬리,['안드레 아이유']
140,F. 마르케티,"['잔루이지 부폰', '리스 넬슨', '에데르', '데헤아', '카시야스']"
141,F. 마케다,['루드 굴리트']
142,F. 무슬레라,"['D. 트레제게', '로멜루 루카쿠']"
143,F. 바스케스,"['에마뉘엘 프티', 'P. 오바메양', '네이마르 Jr.', '폴 포그바', '리오넬 메시']"
144,F. 발베르데,"['젠나로 가투소', '아르투로 비달', '가레스 베일', '루카 모드리치', '가야']"
145,F. 베르나르데스키,"['다비드 루이스', '크리스티아누 호날두', '제르단 샤키리', '가레스 베일', '리오넬 메시']"
146,F. 벤코비치,"['은골로 캉테', 'P. 비에이라', '에마뉘엘 프티', '루카스 파케타', '루드 굴리트']"
147,F. 아르마니,"['닉 포프', '유리 베르치체', 'M. 발로텔리', '이승우', '마츠 후멜스']"
148,F. 아체르비,"['알반 라퐁', '틸로 케흐러', '라파엘 바란', 'G. 키엘리니', 'F. 레이카르트']"
149,F. 카이세도,['콰조 아사모아']
150,F. 칸나바로,"['P. 비에이라', '라파엘 바란', '세르히오 라모스', '파올로 말디니']"
151,F. 코스티치,"['야리 리트마넨', '가레스 베일', '하세베 마코토', '루이스 피구']"
152,F. 코클랭,"['에덴 아자르', 'A. 발렌시아', '곤살루 게드스', '네이마르 Jr.', '다비드 실바']"
153,F. 콸리아렐라,"['크리스티아누 호날두', 'D. 트레제게', 'C. 비에리', 'M. 발로텔리', '필리포 인자기']"
154,F. 키에사,"['S. 엘샤라위', '에덴 아자르', '손흥민', 'A. 델피에로', '제이든 산초']"
155,F. 파슬라크,"['L. 마테우스', '하파엘', '홍철', '카일 워커', '리오넬 메시']"
156,F. 파시오,"['조던 헨더슨', '스티븐 제라드', '케파', '제임스 밀너', '파비뉴']"
157,F. 페레이라,"['가리 메델', '에마뉘엘 프티']"
158,F. 포레스티에리,"['C. 비에리', '티에리 앙리', '페르난도 가고', '페르난도 토레스']"
159,G. 도스산토스,"['조지 알티도어', '로멜루 루카쿠', '유리 베르치체', '리오넬 메시', '티머시 웨아']"
160,G. 돈나룸마,"['리스 넬슨', '데헤아', '페페 레이나', 'A. 베고비치', '티보 쿠르투아']"
161,G. 디로렌초,['잔프랑코 졸라']
162,G. 라미레스,"['톰 히턴', '티보 쿠르투아']"
163,G. 베이날둠,"['조던 헨더슨', 'L. 보누치', '에마뉘엘 프티', '제임스 밀너', '루드 굴리트']"
164,G. 보나벤투라,"['테오', '홍철', '다비드 알라바', '알렉스 산드루', '알렉스 메레트']"
165,G. 셴니코프,"['홍철', '루크 쇼', '루드 굴리트', '카일 워커']"
166,G. 시구르드손,"['페트르 체흐', '알렉스 산드루', 'K. 훈텔라르']"
167,G. 오초아,['로비 브레이디']
168,G. 잠브로타,"['세르히오 라모스', '루드 굴리트', 'P. 비에이라', '에마뉘엘 프티']"
169,G. 카스트로,"['에딘 제코', '도안 리쓰', '크리스티아누 호날두', '해리 케인', '루카스 모라']"
170,G. 콘도그비아,"['하미레스', 'P. 비에이라', '에마뉘엘 프티', '홍철', '파올로 말디니']"
171,G. 키엘리니,"['L. 보누치', 'F. 칸나바로', '킬리안 음바페', '파올로 말디니']"
172,G. 파치니,"['P. 비에이라', '야프 스탐', '잔프랑코 졸라', '로스 바클리', '세르히오 라모스']"
173,H. 미키타리안,"['에덴 아자르', '킬리안 음바페', '네이마르 Jr.', '리오넬 메시', '쿠티뉴']"
174,H. 바트슈투버,"['제롬 보아텡', '야프 스탐', 'L. 에르난데스', '솔 캠벨', '파올로 말디니']"
175,H. 세페로비치,"['올리버 핑크', '저메인 데포', '해리 케인', '로멜루 루카쿠']"
176,H. 스토이치코프,"['네이마르 Jr.', '펠레', '가레스 베일', '리오넬 메시']"
177,H. 오니에쿠루,"['메수트 외질', '네이마르 Jr.']"
178,H. 크레스포,"['A. 셰브첸코', '크리스티아누 호날두', '티에리 앙리', '호나우두']"
179,I. 벤나세르,"['P. 비에이라', '로랑 블랑', 'F. 레이카르트', '루드 굴리트', '파올로 말디니']"
180,I. 사르,"['H. 크레스포', '리오넬 메시', '히바우두']"
181,I. 상가레,"['라힘 스털링', 'A. 데이비스', '가레스 베일', '네이마르 Jr.', '리오넬 메시']"
182,I. 슬리마니,"['H. 크레스포', 'C. 비에리', '김신욱', '올리비에 지루', '얀 콜러']"
183,I. 아바테,['홍철']
184,I. 아펠라이,"['맷 리치', '레온 고레츠카', '미하엘 발락', '이스코', '알마미 투레']"
185,I. 코나테,"['P. 비에이라', '에릭 바이', '라파엘 바란', '김민재', '루드 굴리트']"
186,J. 가야르도,"['조던 헨더슨', '무사 시소코', '데클런 라이스']"
187,J. 그뷔드뮌손,"['크리스티아누 호날두', '킬리안 음바페', '가레스 베일', '마르셀루', '호나우두']"
188,J. 데구스만,"['김신욱', '얀 콜러']"
189,J. 데나이어,"['라파엘 바란', '제프리 브뤼마', '세르히오 라모스', 'M. 더리흐트', '파올로 말디니']"
190,J. 데이비드,"['로만 뷔어키', '디에고 고딘', '케일러 나바스', '안드리 루닌', 'L. 로페스']"
191,J. 드락슬러,"['토마스 뮐러', '네이마르 Jr.', '카푸', '루드 굴리트']"
192,J. 딜로순,"['리스 넬슨', 'P. 오바메양', '홍철', '솔 캠벨', '티에리 앙리']"
193,J. 라도셰비치,['루드 굴리트']
194,J. 라르센,"['에덴 아자르', '손흥민', '페르난도 토레스', '하네스 볼프', '빅터 오시멘']"
195,J. 라티보디어,['네이마르 Jr.']
196,J. 렌-아델라이드,"['은골로 캉테', 'P. 비에이라', '무사 디아비']"
197,J. 로드리게스,"['토마스 뮐러', 'P. 비에이라', 'C. 로드리게스', '리오넬 메시', '루드 굴리트']"
198,J. 로카디아,"['P. 오바메양', '홍철', '야야 사노고', '루드 굴리트', '파올로 말디니']"
199,J. 리트발트,"['이정수', 'I. 사르', '예트로 빌럼스', '에마뉘엘 프티']"
200,J. 마르티네스,"['나니', '키코 카시야', 'M. 더리흐트']"
201,J. 마스체라노,"['C. 푸욜', '피케', '조엘 마티프', '은골로 캉테']"
202,J. 바에베크,"['하미레스', '프랭크 램파드', '로스 바클리', '미하엘 발락', '루드 굴리트']"
203,J. 바움가르틀링어,"['M. 펠라이니', '라파엘 바란', '루드 굴리트', 'P. 비에이라']"
204,J. 브레칼로,['앙헬 디마리아']
205,J. 브와슈치코프스키,"['P. 비에이라', '야프 스탐', '솔 캠벨', '소크라티스', '파올로 말디니']"
206,J. 사네티,"['주앙 칸셀루', '하미레스', '카푸', '카일 워커', '알렉스 산드루']"
207,J. 세리,"['L. 마테우스', '로만 뷔어키', '은골로 캉테', '도안 리쓰']"
208,J. 스하우턴,['레온 고레츠카']
209,J. 실러선,"['라이언 바벨', 'G. 카스트로', '플로리앙 토뱅', 'M. 발로텔리', '팔카오']"
210,J. 오코차,"['D. 베르캄프', '로베르 피레스', '킬리안 음바페', '에릭 다이어', '티에리 앙리']"
211,J. 일리치치,"['커트 주마', '나우두', '카이 하베르츠', '루드 굴리트', '브루누 알베스']"
212,J. 지바망,"['리스 넬슨', '페를랑 멘디', '카일 워커', '조르디 알바', '앙헬리뇨']"
213,J. 클라위베르트,"['리오넬 메시', '퀸시 프로머스', '에덴 아자르', '네이마르 Jr.']"
214,J. 킨테로,['이청용']
215,J. 파르판,"['미켈 두엘룬', '리오넬 메시', '미하엘 발락']"
216,J. 파블렌카,"['피케', '시오 월콧']"
217,J. 파스토레,"['S. 아구에로', '후벵 디아스', '루드 굴리트', 'J. 드락슬러']"
218,J. 하우벨레우,"['가브리엘', '마티외 드뷔시']"
219,J. 히메네스,"['라파엘 바란', '디에고 고딘', '파올로 말디니', '호나우두']"
220,K. 더브라위너,"['파벨 네드베드', '에마뉘엘 프티', '미하엘 발락', '폴 포그바', '루드 굴리트']"
221,K. 데미르바이,"['에릭 바이', '토니 빌레나', '미하엘 발락', '루카 모드리치', '루드 굴리트']"
222,K. 마놀라스,"['P. 비에이라', '라파엘 바란', '이정수', '세르히오 라모스', '파올로 말디니']"
223,K. 보아텡,"['제롬 보아텡', '에마뉘엘 프티', '킬리안 음바페', '레온 고레츠카', '루드 굴리트']"
224,K. 슈마이켈,"['서동명', '루드 굴리트']"
225,K. 스트로트만,"['파벨 네드베드', '에릭 바이', '에릭 다이어', 'F. 레이카르트', '루드 굴리트']"
226,K. 욘손,"['P. 비에이라', '로멜루 루카쿠', '홍철', '조르디 알바', '알렉스 산드루']"
227,K. 이헤나초,"['라파엘 바란', 'P. 오바메양', 'D. 스터리지', 'D. 그레이', '필리포 인자기']"
228,K. 쿨리바리,"['라파엘 바란', '솔 캠벨', '세르히오 라모스', '루드 굴리트', '파올로 말디니']"
229,K. 트리피어,"['C. 마르키시오', '니코 슐츠', '후안프란', '홍철', 'F. 칸나바로']"
230,K. 피옹테크,"['이동국', '해리 케인', '황의조', '루드 굴리트', '곤살로 이과인']"
231,K. 훈텔라르,"['니콜라 페페', 'A. 발렌시아', '라파엘 바란', '세르히오 라모스', 'M. 슈크르텔']"
232,L. 달베스,"['루드 굴리트', '마츠 후멜스', 'F. 레이카르트']"
233,L. 람프루,['A. 메르켈']
234,L. 로드리게스,['니코 슐츠']
235,L. 로페스,"['펠레', 'R. 말리노프스키', '카림 벤제마', '리오넬 메시']"
236,L. 마르코비치,['마르코 로이스']
237,L. 마르티네스,"['로멜루 루카쿠', '이니에스타', '아르투로 비달', '루드 굴리트', '쿠티뉴']"
238,L. 마테우스,"['파벨 네드베드', '루드 굴리트', 'P. 비에이라', '에마뉘엘 프티']"
239,L. 므체들리제,['에반데르']
240,L. 밀리보예비치,"['S. 아구에로', '홍철', '에릭 다이어', '조지 베스트', '다닐루']"
241,L. 보누치,"['P. 비에이라', 'G. 키엘리니', '세르히오 라모스', '파올로 말디니']"
242,L. 수아레스,"['S. 아구에로', '크리스티아누 호날두', '리오넬 메시', '호나우두']"
243,L. 아우구스틴손,"['라파엘 바란', '세르히오 라모스', '파올로 말디니']"
244,L. 아조르크,"['킬리안 음바페', '리오넬 메시']"
245,L. 에르난데스,"['뤼카 디뉴', '라파엘 바란', '제롬 보아텡', '프랑크 리베리']"
246,L. 오캄포스,"['산티 미나', '페르난도 토레스', '크리스티아누 호날두', '루드 굴리트', '호나우두']"
247,L. 운네스탈,"['크리스티아누 호날두', '리스 넬슨', '루드 굴리트', '손흥민']"
248,L. 카리우스,"['테오', '알리송', '데헤아', '홍철', '카시야스']"
249,L. 크리스토둘로풀로스,['레온 고레츠카']
250,L. 토레이라,"['은골로 캉테', 'P. 비에이라', '에마뉘엘 프티', '그라니트 자카', '팔카오']"
251,L. 파레데스,"['스티븐 제라드', '헤수스 코로나', '마르코 베라티', '이드리사 게예']"
252,L. 파볼레티,"['F. 페레이라', '히카르두 굴라르']"
253,L. 파비안스키,"['커트 주마', '가레스 베일', '콰조 아사모아', '황의조', '파올로 말디니']"
254,L. 페이사,"['윤영선', '라파엘 바란', 'F. 레이카르트', '소크라티스', '파올로 말디니']"
255,L. 펠레그리니,"['다비드 알라바', 'R. 버트란드']"
256,L. 포돌스키,"['피케', '라파엘 바란', '세르지오 부스케츠', '클레망 랑글레', '파올로 말디니']"
257,L. 피슈체크,"['테오', '세르히오 라모스', '카일 워커', '파올로 말디니']"
258,L. 흐라데키,"['에덴 아자르', '손흥민', '폴 스콜스', '그라니트 자카', '호나우두']"
259,M. 가비아디니,['헤수스 코로나']
260,M. 고메스,"['산티 미나', 'S. 아구에로', '라파엘 바란', 'D. 데로시', '주앙 펠릭스']"
261,M. 그루이치,"['테오', '케빈 음바부', '홍철', '카일 워커', '리오넬 메시']"
262,M. 나스타시치,"['라파엘 바란', '제롬 보아텡', '파올로 말디니']"
263,M. 다르미안,"['리오넬 메시', '모하메드 살라']"
264,M. 다후드,"['루드 굴리트', '크리스 우드']"
265,M. 더리흐트,"['P. 비에이라', '라파엘 바란', '세르히오 라모스', '파올로 말디니']"
266,M. 데스트로,['킬리안 음바페']
267,M. 라우드루프,"['B. 라우드루프', '크리스 우드', '네이마르 Jr.', '페드로 포로', '루드 굴리트']"
268,M. 래시포드,"['에우제비우', '네이마르 Jr.', '웨인 루니', '알렉스 산드루', '티에리 앙리']"
269,M. 로카텔리,"['커트 주마', '잭 로드웰', 'P. 비에이라', '맷 리치']"
270,M. 마테라치,"['미시 바추아이', 'L. 보누치', 'A. 네스타', '로랑 블랑']"
271,M. 만주키치,"['라파엘 바란', '제롬 보아텡', '세르히오 라모스', '파올로 말디니']"
272,M. 무사키오,"['E. 무뇨스', '무사 뎀벨레', '미하엘 발락', '세르히오 라모스', '루드 굴리트']"
273,M. 바르가스,['E. 바르가스']
274,M. 반바스텐,"['크리스티아누 호날두', '해리 케인', 'H. 크레스포', '루드 굴리트']"
275,M. 발로텔리,"['크리스티아누 호날두', '해리 케인', 'H. 크레스포', '로멜루 루카쿠']"
276,M. 브래들리,"['루드 굴리트', '마이클 오언']"
277,M. 브레스웨이트,['네이마르 Jr.']
278,M. 브로조비치,"['F. 레이카르트', '페페 레이나', 'A. 베고비치', '티보 쿠르투아', '카를로스 바카']"
279,M. 슈네델랑,"['H. 크레스포', '잔프랑코 졸라', '로멜루 루카쿠', '미하엘 발락', '파올로 말디니']"
280,M. 슈크르텔,"['미하엘 발락', 'P. 비에이라', '에마뉘엘 프티', '사미 케디라', 'F. 레이카르트']"
281,M. 슈크리니아르,"['P. 비에이라', '에마뉘엘 프티', '리언 발로군', '루드 굴리트', '파올로 말디니']"
282,M. 스테켈렌뷔르흐,"['박주영', 'P. 비에이라']"
283,M. 아르나우토비치,"['토마스 뮐러', '고정운', '로멜루 루카쿠', '리오넬 메시', '쿠티뉴']"
284,M. 아쿠냐,"['크리스티아누 호날두', '넬송 세메두', '카일 워커', '조르디 알바', '홍명보']"
285,M. 안토니오,['펠레']
286,M. 양가-음비와,"['아드리아누', '제이미 바디', '웨인 루니', '트로이 디니', '파올로 말디니']"
287,M. 에게슈타인,"['사울', '무사 시소코', '에마뉘엘 프티', 'L. 마테우스', '루카 모드리치']"
288,M. 엘네니,['크리스티아누 호날두']
289,M. 오베르마르스,"['라파엘 바란', '킬리안 음바페', '펠레', '네이마르 Jr.', '파올로 말디니']"
290,M. 외데고르,"['마르코스 요렌테', '악셀 비첼', '레온 고레츠카', '네이마르 Jr.', '폴 포그바']"
291,M. 이슬라,"['후안 콰드라도', '네이마르 Jr.']"
292,M. 이카르디,"['H. 크레스포', '크리스티아누 호날두', '에딘손 카바니', '로멜루 루카쿠', '파올로 말디니']"
293,M. 카세레스,"['H. 크레스포', '야프 스탐', 'P. 오바메양', '카일 워커', '제르비뉴']"
294,M. 코바치치,"['은골로 캉테', 'A. 산체스', '미하엘 발락', '루카 모드리치', '루드 굴리트']"
295,M. 크론-델리,"['M. 발로텔리', '김신욱']"
296,M. 클로제,"['크리스티아누 호날두', 'H. 크레스포', 'P. 오바메양', '앙디 들로르']"
297,M. 테어슈테겐,"['C. 브라보', '페페 레이나', '니콜라 페페', '데헤아']"
298,M. 파샬리치,"['잭 로드웰', 'M. 로카텔리', '미하엘 발락', '맷 리치']"
299,M. 펠라이니,"['얀 콜러', '파올로 말디니', '루드 굴리트', 'P. 비에이라']"
300,M. 폴리타노,"['주앙 칸셀루', '유리 베르치체']"
301,M. 피아니치,"['파벨 네드베드', 'P. 비에이라', '폴 포그바', '루카 모드리치', '루드 굴리트']"
302,M. 할슈텐베르크,"['제롬 보아텡', '조지 베스트', '미하엘 발락', '마르셀 드사이', '파올로 말디니']"
303,N. 곤살레스,"['토마스 뮐러', '홍철', '네이마르 Jr.', '카일 워커', '리오넬 메시']"
304,N. 로데이로,"['C. 로드리게스', 'L. 피슈체크']"
305,N. 막시모비치,"['뤼카 디뉴', '페를랑 멘디', '로멜루 루카쿠', '홍철', '알렉스 산드루']"
306,N. 모이산데르,['라힘 스털링']
307,N. 무키엘레,"['세르히오 라모스', '파올로 말디니']"
308,N. 암라바트,['라자 나잉골란']
309,N. 옐라비치,"['P. 에브라', '루크 쇼', '알렉스 산드루', '마르셀루']"
310,N. 오타멘디,"['라힘 스털링', '페를랑 멘디', '에데르', '네이마르 Jr.', '존 스톤스']"
311,N. 차니올로,"['P. 비에이라', '에마뉘엘 프티', 'J. 파스토레', '주앙 펠릭스', '루드 굴리트']"
312,N. 칼리니치,"['토마스 뮐러', 'H. 크레스포', '에딘 제코', '페르난도 토레스', '루카스 모라']"
313,N. 클라인,['J. 마스체라노']
314,N. 탈리아피코,['마르셀루']
315,O. 마틴스,"['S. 아구에로', '크리스티아누 호날두', '리오넬 메시', '티에리 앙리']"
316,O. 브라네시,['네마냐 마티치']
317,O. 비어호프,"['H. 크레스포', '크리스티아누 호날두', '로멜루 루카쿠', 'M. 발로텔리', '루드 굴리트']"
318,O. 솔샤르,"['프랭크 램파드', '테디 셰링엄', '마이클 오언', '호나우두']"
319,O. 압둘라흐만,['리오넬 메시']
320,O. 외지아쿠프,['티보 쿠르투아']
321,O. 진첸코,"['네이마르 Jr.', '후벵 디아스', '루드 굴리트', '페를랑 멘디']"
322,O. 토프라크,"['G. 보나벤투라', '네이마르 Jr.', '시모네 베르디', '히바우두', '루드 굴리트']"
323,P. 가사니가,"['닉 포프', '리스 넬슨', 'G. 돈나룸마', '헤로니모 룰리', '가야']"
324,P. 골리니,['마르코스 요렌테']
325,P. 디오프,"['크리스티아누 호날두', '얀 베르통언', 'A. 산체스', '네이마르 Jr.', '파올로 말디니']"
326,P. 메르테사커,"['크리스티아누 호날두', 'M. 반바스텐', '파블로 마리', '얀 콜러', '루드 굴리트']"
327,P. 비에이라,"['F. 레이카르트', '루드 굴리트', '파올로 말디니', '에마뉘엘 프티']"
328,P. 사발레타,"['레오 자바', 'F. 칸나바로', '마르셀루', '카일 워커']"
329,P. 시세,"['티머시 웨아', '호나우두', 'P. 오바메양', '파블로 마리', '뎀바 바']"
330,P. 에브라,['테오']
331,P. 오바메양,"['크리스티아누 호날두', 'H. 크레스포', '호나우두', '티에리 앙리']"
332,P. 지엘린스키,"['A. 발렌시아', '에릭 다이어', '조르디 알바', '가야', '루드 굴리트']"
333,P. 카데라베크,"['무사 시소코', '에마뉘엘 프티', '로멜루 루카쿠', '루드 굴리트', '필리포 인자기']"
334,P. 쿠트로네,"['토마스 뮐러', '티모 베르너', '루드 굴리트', '필리포 인자기', '호나우두']"
335,P. 클라위베르트,"['H. 크레스포', 'J. 클라위베르트', '크리스티아누 호날두', '루드 굴리트', '호나우두']"
336,P. 킴펨베,"['가레스 베일', '루드 굴리트', '이드리사 게예', '손흥민']"
337,P. 호이비에르,"['P. 비에이라', '에마뉘엘 프티', '엠레 잔', '맷 리치', '잭 로드웰']"
338,R. 게헤이루,"['조현우', '리스 넬슨', '덴젤 둠프리스', '케빈 음바부', '카시야스']"
339,R. 데파울,"['다비드 실바', '호베르투 피르미누', '다비드 루이스', 'A. 발렌시아']"
340,R. 레반도프스키,"['토마스 뮐러', '크리스티아누 호날두', '해리 케인', '호나우두']"
341,R. 로드리게스,"['테오', 'P. 비에이라', '하네스 볼프', '루드 굴리트', 'J. 드락슬러']"
342,R. 로프터스-칙,['리오넬 메시']
343,R. 만드라고라,"['폴 포그바', '아론 램지', 'P. 비에이라', '에릭 바이']"
344,R. 말리노프스키,['M. 파샬리치']
345,R. 몬톨리보,"['L. 마테우스', '티에리 앙리']"
346,R. 바주르,"['은골로 캉테', '포르투', '에마뉘엘 프티']"
347,R. 바타글리아,"['히카르두 굴라르', '은골로 캉테', '카일 워커', 'A. 발렌시아']"
348,R. 반니스텔로이,"['야프 스탐', '크리스티아누 호날두', '로멜루 루카쿠', '웨인 루니', '해리 케인']"
349,R. 버트란드,"['애슐리 콜', '프랑크 리베리', '홍철', '루크 쇼', '카일 워커']"
350,R. 부데부즈,"['조지 베스트', '차두리', '루드 굴리트']"
351,R. 야르스테인,"['토마스 파티', '케파', '로멜루 루카쿠', '이니에스타', '페트르 체흐']"
352,R. 오르솔리니,"['로만 뷔어키', '파벨 네드베드', '크리스티아누 호날두']"
353,R. 클라반,"['웨인 루니', 'D. 베르캄프', '손흥민']"
354,R. 키슈나,"['가레스 베일', '라이언 바벨', '아리언 로번']"
355,R. 페레이라,"['네이마르 Jr.', '키어런 깁스']"
356,R. 푸네스 모리,"['레프 야신', '파블로 마리']"
357,R. 프레이저,"['헤수스 코로나', 'D. 마라도나', '킬리안 음바페', '프레드']"
358,R. 피에르-가브리엘,"['산데르 베르게', '에마뉘엘 프티', '얀 베르통언', 'A. 산체스', '루드 굴리트']"
359,S. 더브레이,"['손흥민', '라파엘 바란', '로스 바클리', '에릭 다이어', '폴 포그바']"
360,S. 라르손,"['S. 프뢰들', '라파엘 바란']"
361,S. 라이코비치,['손흥민']
362,S. 로데,"['피케', '은골로 캉테', 'P. 비에이라', '에마뉘엘 프티', '폴 포그바']"
363,S. 로메로,"['P. 비에이라', '에마뉘엘 프티', '라파엘 바란', '엠레 잔', '치차리토']"
364,S. 루디,"['미하엘 발락', 'P. 비에이라', 'F. 레이카르트', '유라이 쿠츠카', '루드 굴리트']"
365,S. 리히트슈타이너,"['주앙 칸셀루', '맷 리치', '카일 워커', '다닐루', '알렉스 산드루']"
366,S. 만디케스,"['조엘 마티프', '라파엘 바란', 'A. 고메스', '파비뉴', '파올로 말디니']"
367,S. 무스타피,['소크라티스']
368,S. 밀린코비치-사비치,"['P. 비에이라', '에마뉘엘 프티', '미하엘 발락', '폴 포그바', '루드 굴리트']"
369,S. 베르흐베인,"['홍철', '퀸시 프로머스', 'S. 베르흐이스', '가레스 베일']"
370,S. 베르흐이스,"['루이스 피구', '가레스 베일', '네이마르 Jr.', '히바우두', '티에리 앙리']"
371,S. 브르살리코,"['레프 야신', '킬리안 음바페', '펠레', '리오넬 메시', '글렌 존슨']"
372,S. 시리구,"['잔루이지 부폰', '코케', '소크라티스', '루드 굴리트', '제이미 바디']"
373,S. 아구에로,"['호나우두', '크리스티아누 호날두', '리오넬 메시', '티에리 앙리']"
374,S. 아리아스,"['루이스 피구', '네이마르 Jr.']"
375,S. 에펜베르크,"['에마뉘엘 프티', '루드 굴리트', 'P. 비에이라', '미하엘 발락']"
376,S. 엘샤라위,"['에덴 아자르', '킬리안 음바페', '네이마르 Jr.', '손흥민']"
377,S. 오카카,"['야프 스탐', '라파엘 바란', '로멜루 루카쿠', '리오넬 메시', '파블로 마리']"
378,S. 요베티치,"['웨인 루니', '로비 파울러', '루드 굴리트', '호나우두']"
379,S. 조빈코,"['프레드', '네마냐 마티치', '에릭 다이어', '김신욱', 'V. 린델뢰프']"
380,S. 추쿠에제,"['최용수', 'S. 아구에로', '기성용', '김신욱', '황의조']"
381,S. 코아테스,"['사울', '리스 넬슨', '데헤아', '페페 레이나', '가비']"
382,S. 프뢰들,['케빈 트라프']
383,S. 한다노비치,"['닉 포프', '에마뉘엘 프티', '카림 벤제마', '데헤아', '티보 쿠르투아']"
384,S. 할러,"['치차리토', '파블로 포르날스', '로스 바클리', '은골로 캉테']"
385,T. 델레-바시루,['에데르']
386,T. 도미야스,"['A. 로마뇰리', '콰조 아사모아', '토니 빌레나', '다니엘 바스']"
387,T. 딜레이니,"['젠나로 가투소', '악셀 비첼', '엠레 잔', 'P. 오바메양', 'D. 데로시']"
388,T. 바츨리크,"['L. 마테우스', '은골로 캉테', 'C. 푸욜', 'A. 발렌시아']"
389,T. 바카요코,"['아론 램지', '알반 라퐁', '다비드 루이스', '리스 넬슨', '카를로스 바카']"
390,T. 베르마엘렌,"['피케', 'P. 비에이라', '세르지오 부스케츠', '사뮈엘 움티티', 'F. 칸나바로']"
391,T. 소우체크,"['아론 마르틴', '젤송 마르팅스', '네이마르 Jr.', 'B. 마르팅스 인디', '호나우두']"
392,T. 스테파넨코,['키코 카시야']
393,T. 스트라코샤,"['다니 가르시아', '하비 가르시아', '시오 월콧', 'L. 파볼레티']"
394,T. 아다라바요,"['닉 포프', '에데르', '조너선 레코', 'A. 베고비치', '조 하트']"
395,T. 알데르베이럴트,"['무사 시소코', '얀 베르통언', 'A. 산체스', '솔 캠벨', '파올로 말디니']"
396,T. 알렉산더-아놀드,"['주앙 칸셀루', '은골로 캉테', '가레스 베일', '카일 워커', '루드 굴리트']"
397,T. 에이브러햄,"['H. 크레스포', 'E. 홀란', '로멜루 루카쿠', '올리비에 지루', '루드 굴리트']"
398,T. 자말레티노프,"['킬리안 음바페', '조지 베스트']"
399,T. 카스타뉴,['이언 라이트']
400,T. 코프메이너르스,"['에마뉘엘 프티', '아르투로 비달', '김도근', '잭 로드웰', '루드 굴리트']"
401,T. 포수-멘사,"['티모 베르너', '로멜루 루카쿠', '티에리 앙리']"
402,V. 다리다,"['조르디 알바', '홍철', '조던 모리스', '유리 베르치체']"
403,V. 린델뢰프,"['필 존스', '호나우두', '파올로 말디니', '에릭 바이']"
404,V. 아부바카르,"['잔프랑코 졸라', '에덴 아자르', '포르투', '호나우두']"
405,V. 에니에아마,"['오사코 유야', 'P. 오바메양', '손흥민']"
406,V. 오지자-오포,"['W. 슈체스니', '닉 포프', '잭 버틀런드', 'J. 파블렌카', '티보 쿠르투아']"
407,V. 이비셰비치,"['라파엘 바란', '파올로 말디니', '티에리 앙리']"
408,V. 카들레츠,"['S. 아구에로', '킬리안 음바페', '리오넬 메시', '베베']"
409,W. 베고르스트,"['닉 포프', '페를랑 멘디', 'G. 돈나룸마', '티보 쿠르투아', '페트르 체흐']"
410,W. 슈체스니,"['잔루이지 부폰', '이반 라키티치', '티보 쿠르투아', '데헤아']"
411,W. 은디디,"['리스 넬슨', '로멜루 루카쿠', '홍철', '조르디 알바', '알렉스 산드루']"
412,W. 트로스트-에콩,"['에덴 아자르', '크리스티아누 호날두', '카림 벤제마', '리오넬 메시', '루드 굴리트']"
413,Y. 베르스하런,['리오넬 메시']
414,Y. 압델하미드,['올리버 핑크']
415,Y. 엔네시리,"['루드 굴리트', '로멜루 루카쿠', 'C. 비에리', '리오넬 메시', '파올로 말디니']"
416,Y. 카라스코,"['루이스 피구', '손흥민', '킬리안 음바페', 'F. 페레이라', '네이마르 Jr.']"
417,Z. 유누조비치,['로만 뷔어키']
418,Z. 이브라히모비치,"['크리스티아누 호날두', '로멜루 루카쿠', '웨인 루니', '루드 굴리트', '호나우두']"
419,É. 구티에레스,['피터 크라우치']
420,É. 멘디,['D. 그레이']
421,가가와 신지,"['혼다 게이스케', '무토 요시노리', 'A. 델피에로', '루드 굴리트', '파올로 말디니']"
422,가레스 배리,['가레스 베일']
423,가레스 베일,"['네이마르 Jr.', '리오넬 메시', '루드 굴리트', '손흥민']"
424,가린샤,"['김정민', '로빈 반페르시', '네이마르 Jr.', '도안 리쓰']"
425,가브리엘,"['이언 라이트', '킬리안 음바페', '레온 고레츠카', '리로이 자네', '리오넬 메시']"
426,가브리엘 보실리아,"['리오넬 메시', '네이마르 Jr.']"
427,가브리엘 제주스,"['에데르', 'S. 아구에로', 'A. 발렌시아', '크리스티아누 호날두', '카일 워커']"
428,가브리엘 파울리스타,"['테오', '주앙 칸셀루', 'A. 발렌시아', '카일 워커', '알렉스 산드루']"
429,가비,['R. 레반도프스키']
430,가야,"['윌프리드 자하', '세르지오 부스케츠', '로스 바클리', 'P. 오바메양']"
431,가엘 카쿠타,['리오넬 메시']
432,가엘 클리시,"['페를랑 멘디', '나초 몬레알', '폴 포그바', 'L. 에르난데스', '조르디 알바']"
433,강현무,['박지수']
434,게리 네빌,"['존 스톤스', '루드 굴리트', '페를랑 멘디', '솔 캠벨']"
435,게리 리네커,"['페르난도 토레스', '티에리 앙리', '해리 케인', '마이클 오언', '호나우두']"
436,게리 케이힐,"['커트 주마', 'P. 비에이라', '다비드 루이스', '라파엘 바란']"
437,게오르게 하지,"['리스 넬슨', '루드 굴리트', 'D. 마라도나', '리오넬 메시', '파올로 말디니']"
438,고란 판데프,"['앙헬 코레아', 'D. 데로시']"
439,고메스,"['리스 넬슨', '에데르', 'A. 고메스', '호나우지뉴', '알레샨드리 파투']"
440,고명진,['이을용']
441,고무열,"['유상철', '김도근', '홍명보']"
442,고요한,"['은골로 캉테', '홍철', '요한 크루이프', '카일 워커']"
443,고정운,"['네이마르 Jr.', '리오넬 메시', '정운', '루드 굴리트']"
444,고종수,"['유리 베르치체', '박용우', '카를로스 바카', '이니에스타']"
445,곤살로 마로니,"['가레스 베일', '구보 다케후사', '네이마르 Jr.']"
446,곤살로 이과인,"['크리스티아누 호날두', 'H. 크레스포', '카림 벤제마', '해리 케인']"
447,곤살루 게드스,"['카를로스 솔레르', '에덴 아자르', '산티 미나', 'A. 발렌시아', '호베르투 피르미누']"
448,과이타,"['킬리안 음바페', 'P. 오바메양', '펠레', '페르난도 가고', '티에리 앙리']"
449,곽광선,['김용환']
450,곽태휘,"['김민재', '홍정호', 'M. 펠라이니']"
451,괴칸 인러,"['토마스 뮐러', '차범근']"
452,구보 다케후사,"['정우영', '제시 린가드']"
453,구성윤,"['서동명', '조현우', '김진현', '김승규']"
454,구자룡,['아르투로 비달']
455,구자철,"['기성용', '홍철', '황의조', '손흥민']"
456,권경원,"['이정수', '김민재', '김영권', '파올로 말디니']"
457,권완규,['루드 굴리트']
458,권창훈,"['유상철', '손흥민', '리오넬 메시', '하석주']"
459,그라니트 자카,"['세스크 파브레가스', '가레스 베일', '다비드 루이스', '에마뉘엘 프티']"
460,그리말도,"['조르디 알바', '히바우두', '리오넬 메시', 'O. 마틴스']"
461,기성용,"['유상철', '미하엘 발락', '루드 굴리트', '에마뉘엘 프티']"
462,기슬랭 코난,"['커트 주마', '도안 리쓰', '파올로 말디니']"
463,김건희,['홍철']
464,김광석,"['유상철', '호물로']"
465,김기동,"['김승대', '페드로 포로']"
466,김남일,"['유상철', '김도근', 'P. 비에이라', '에마뉘엘 프티']"
467,김도균,"['로만 뷔어키', '루드 굴리트']"
468,김도근,"['유상철', '루드 굴리트', 'P. 비에이라', '에마뉘엘 프티']"
469,김도훈,"['황선홍', '김신욱', '토마스 뮐러', '페르난도 토레스']"
470,김두현,"['기성용', '유상철', '루카 모드리치', '이재성']"
471,김문환,"['조르디 알바', '홍철', 'I. 사르', '은골로 캉테']"
472,김민우,"['L. 마테우스', '장현수', '리오넬 메시', '모하메드 살라']"
473,김민재,"['라파엘 바란', '홍명보', '김영권', '파올로 말디니']"
474,김병지,"['김영광', '이운재', '조현우', '서동명']"
475,김보경,"['기성용', '이재성']"
476,김상식,"['이정수', '홍명보', '김영권', 'L. 에르난데스']"
477,김세윤,['케빈 가메이로']
478,김승규,"['서동명', '조현우', '이운재', '김병지']"
479,김신욱,"['손흥민', '황의조', '루드 굴리트', '차범근']"
480,김영광,"['서동명', '조현우', '이운재']"
481,김영권,"['이정수', '김민재', '윤영선', '파올로 말디니']"
482,김영철,['조지 베스트']
483,김오규,['루카 모드리치']
484,김인성,['호나우두']
485,김재성,"['강민수', '박지수', '루드 굴리트', '김민재']"
486,김정민,"['기성용', '차범근', '루드 굴리트']"
487,김준형,['김현우']
488,김진규,"['이정수', '홍명보', '김영권', '로멜루 루카쿠']"
489,김진수,"['조르디 알바', '홍철', '루드 굴리트', '마르셀루']"
490,김진야,"['리오넬 메시', '홍철', '마르셀루', '카일 워커']"
491,김진현,"['서동명', '조현우', '구성윤', '김승규']"
492,김창수,"['김태환', '차두리', '하석주']"
493,김치우,"['피케', '아드리안 마린', 'M. 더리흐트', '소크라테스', '루드 굴리트']"
494,김태영,"['이정수', '홍철', 'F. 칸나바로', '파올로 말디니']"
495,김태환,"['김승대', '홍철', '스티븐 제라드', '황의조']"
496,김현우,['레프 야신']
497,나가토모 유토,"['케빈 음바부', '다비드 알라바', '크리스티아누 호날두', 'A. 발렌시아']"
498,나니,"['리오넬 메시', '네이마르 Jr.', 'P. 비에이라', '에마뉘엘 프티']"
499,나비 케이타,"['피케', '제롬 보아텡', '니클라스 쥘레', '티아고']"
500,나빌 벤탈렙,"['폴 포그바', '무사 시소코', 'F. 레이카르트', '에마뉘엘 프티']"
501,나빌 페키르,"['폴 포그바', 'D. 파예트', '제르단 샤키리', '리오넬 메시']"
502,나우두,"['루카스 레이바', 'D. 파예트', '킬리안 음바페']"
503,나초 몬레알,"['루크 쇼', 'P. 비에이라', '에마뉘엘 프티']"
504,나초 페르난데스,"['라파엘 바란', '나초 몬레알', 'P. 에브라', '세르히오 라모스', '루카스 모라']"
505,남기일,"['박동진', '심상민']"
506,남준재,"['차범근', '루이스 피구', '설기현', '손흥민']"
507,남태희,['리오넬 메시']
508,네마냐 마티치,"['M. 펠라이니', '로이 킨', '루드 굴리트', '에마뉘엘 프티']"
509,네벤 수보티치,"['하미레스', '에마뉘엘 프티', 'L. 마테우스', '레온 고레츠카', '카일 워커']"
510,네이마르 Jr.,"['펠레', '에덴 아자르', '킬리안 음바페', '리오넬 메시']"
511,네이선 아케,"['F. 칸나바로', '다비드 루이스', '파올로 말디니', 'M. 더리흐트']"
512,네투,"['닉 포프', '필리포 인자기']"
513,넬송 세메두,"['리스 넬슨', '차두리', '홍철', '카일 워커', '조르디 알바']"
514,노상래,"['마이클 캐릭', '에우제비우', '차범근', '호나우두']"
515,노정윤,"['김민재', '루카 모드리치', '서정원', '리오넬 메시']"
516,누리 샤힌,['솔 캠벨']
517,니코 슐츠,"['조르디 알바', '홍철', '악셀 비첼', '단테']"
518,니콜라 은쿨루,"['다비드 루이스', '리스 넬슨', '에드가', '팔카오', '포르투']"
519,니콜라 페페,"['옌스 레만', '리오넬 메시', '가레스 베일', '네이마르 Jr.']"
520,니콜로 바렐라,"['은골로 캉테', 'L. 마테우스', '에릭 다이어', '가야', '엠레 모르']"
521,니클라스 쥘레,"['폴 포그바', '루드 굴리트', '레온 고레츠카', '미하엘 발락']"
522,닉 포프,['조지 베스트']
523,닐 영,"['크리스티아누 호날두', '가레스 베일', '리오넬 메시', '손흥민']"
524,다니 다코스타,"['제롬 보아텡', '리스 넬슨', '라파엘 바란', '루드 굴리트', '파올로 말디니']"
525,다니 세바요스,"['라자 나잉골란', '나빌 벤탈렙', '가야']"
526,다니 아우베스,"['에마뉘엘 프티', '카푸', '차두리', '카일 워커', '브루누 알베스']"
527,다니 올모,['크리스티아누 호날두']
528,다니 파체코,"['은골로 캉테', '가브리엘', '홍철', '카일 워커', '케빈 말키']"
529,다니엘 바스,['A. 발렌시아']
530,다니엘 슈바브,"['야프 스탐', '리스 넬슨']"
531,다닐루,"['존 스톤스', 'P. 비에이라', '파비뉴', '파올로 말디니']"
532,다닐루 페레이라,"['리스 넬슨', '홍철', '조르디 알바', '알렉스 산드루', '마르셀루']"
533,다보르 슈케르,"['M. 슈크르텔', '라울', 'D. 베르캄프', 'H. 크레스포']"
534,다비데 산톤,"['베냐민 헨릭스', 'L. 보누치', '로렌', '파올로 말디니']"
535,다비드 네리스,"['손흥민', '에릭 다이어', '루카스 레이바', '해리 케인', '루카스 모라']"
536,다비드 루이스,"['커트 주마', '세르히오 라모스', '에마뉘엘 프티']"
537,다비드 비야,"['다비드 루이스', '페르난도 토레스']"
538,다비드 실바,"['리오넬 메시', '올리비에 지루', '카림 벤제마', '다비드 루이스']"
539,다비드 알라바,"['레온 고레츠카', '하미레스', 'P. 비에이라', '에마뉘엘 프티']"
540,다빈손 산체스,"['에릭 바이', '라파엘 바란', '얀 베르통언', 'A. 산체스', '솔 캠벨']"
541,다코남 제네,['윌리안']
542,단테,"['제임스 매디슨', '마츠 후멜스', 'K. 슈마이켈']"
543,달마우,['라울']
544,대니 로즈,"['파우지 굴람', '김태영', 'A. 산체스', '케빈 말키', '브루누 알베스']"
545,대니 웰벡,"['로빈 반페르시', '웨인 루니', '올리비에 지루']"
546,대런 깁슨,"['홍철', '카일 워커']"
547,대런 플레처,"['폴 포그바', '로이 킨', '루드 굴리트', '박지성']"
548,더글라스 코스타,"['리오넬 메시', '가레스 베일', '네이마르 Jr.', 'D. 마라도나']"
549,데니스 수아레스,['웨인 루니']
550,데니스 아오고,"['하미레스', '카푸', '홍철', '카일 워커', 'G. 잠브로타']"
551,데니스 프라트,"['얀 콜러', '안드레아 라지']"
552,데마르코스,"['테오', '마르셀루']"
553,데얀,"['박주영', '해리 케인', '김신욱', '해리 매과이어']"
554,데얀 로브렌,"['라파엘 바란', 'A. 고메스', '조지 베스트', 'M. 슈크르텔', '파올로 말디니']"
555,데울로페우,"['은골로 캉테', '킬리안 음바페', '제임스 밀너', '비니시우스 주니어', '루카스 레이바']"
556,데이비 클라선,"['L. 마테우스', '에마뉘엘 프티']"
557,데이비드 시먼,"['에덴 아자르', '페드로', '네이마르 Jr.', '리오넬 메시', '윌리안']"
558,데일리 블린트,"['P. 비에이라', '루드 굴리트', 'F. 레이카르트', '에마뉘엘 프티']"
559,데쿠,"['마르코스 로호', '리오넬 메시', '포르투', 'F. 레이카르트']"
560,데클런 라이스,"['로만 뷔어키', '잭 로드웰', '에마뉘엘 프티']"
561,데헤아,"['레프 야신', '리스 넬슨', '티보 쿠르투아', 'K. 슈마이켈']"
562,덴젤 둠프리스,"['P. 비에이라', '루드 굴리트', '리스 넬슨', '파올로 말디니']"
563,델리 알리,"['폴 포그바', '루카 모드리치', '해리 케인', '에릭 다이어']"
564,도니얼 말런,"['S. 아구에로', '퀸시 프로머스', '네이마르 Jr.', '미시 바추아이']"
565,도마고이 비다,"['리스 넬슨', 'M. 테어슈테겐']"
566,도안 리쓰,['D. 마라도나']
567,두반 사파타,"['C. 사파타', '로멜루 루카쿠', '조지 베스트', 'M. 발로텔리', '해리 케인']"
568,두샨 타디치,"['뤼카 디뉴', '테오', '로스 바클리', 'L. 에르난데스', 'J. 드락슬러']"
569,두웨이,"['이근호', '야프 스탐', '이동국', '박주영', '리오넬 메시']"
570,디보크 오리기,"['사디오 마네', '페르난도 토레스', '호베르투 피르미누', '로멜루 루카쿠', 'D. 스터리지']"
571,디에고 고딘,"['L. 마테우스', '은골로 캉테', '레온 고레츠카', '에마뉘엘 프티']"
572,디에고 데메,"['라힘 스털링', 'S. 아구에로', '네이마르 Jr.', '다비드 실바', '리로이 자네']"
573,디에고 락살트,"['홍철', '수소']"
574,디에고 로페스,"['디에고 고딘', 'L. 로페스', '카시야스', '데헤아']"
575,디에고 카펠,['펠레']
576,디에고 코스타,"['디에고 고딘', 'H. 크레스포', '로멜루 루카쿠', '루카스 모라', '곤살로 이과인']"
577,디에고 콘텐토,"['니코 슐츠', '다비드 알라바', '알마미 투레', '리로이 자네']"
578,디에고 페로티,"['에딘 제코', 'J. 클라위베르트', '네이마르 Jr.']"
579,디오구 조타,"['폴 포그바', '이스코', '하미레스']"
580,라르스 슈틴들,"['마르코 베라티', '루드 굴리트', '카일 워커']"
581,라마단 소비,"['크리스티아누 호날두', 'J. 데이비드']"
582,라민 가사마,"['피케', '킬리안 음바페', '가레스 베일', '솔 캠벨', '루드 굴리트']"
583,라사나 디아라,"['네이마르 Jr.', '루카 모드리치', '이누이 다카시', '은골로 캉테']"
584,라울,"['크리스티아누 호날두', '카림 벤제마', '리오넬 메시', '호나우두']"
585,라울 가르시아,"['테오', '카푸', '다니 가르시아', '미하엘 발락', 'G. 잠브로타']"
586,라울 알비올,"['다보르 슈케르', 'A. 발렌시아', '라울', '제이미 바디', '티에리 앙리']"
587,라울 히메네스,"['S. 아구에로', 'J. 히메네스', 'C. 비에리', '라울', '필리포 인자기']"
588,라이언 긱스,"['가레스 베일', '조지 베스트', '루이스 피구', '모하메드 살라']"
589,라이언 바벨,"['세스크 파브레가스', 'M. 발로텔리']"
590,라이언 세세뇽,"['라힘 스털링', '가레스 베일', '요한 크루이프', '파올로 말디니']"
591,라자 나잉골란,"['아르투로 비달', '루드 굴리트', 'P. 비에이라', '에마뉘엘 프티']"
592,라파엘 바란,"['조르디 알바', '세르히오 라모스', 'F. 칸나바로', '파올로 말디니']"
593,라힘 스털링,"['리오넬 메시', '리로이 자네', '네이마르 Jr.', '에데르']"
594,랄프 페어만,"['리오넬 메시', '프랑크 리베리', '라힘 스털링']"
595,랜던 도노번,"['네이마르 Jr.', '펠레', '리오넬 메시', '마이클 오언']"
596,레길론,"['이강인', '가레스 베일']"
597,레나토 타피아,['다비드 알라바']
598,레모 프로일러,"['유리 베르치체', '모하메드 살라', '페를랑 멘디', '뱅자맹 르콩트']"
599,레뱅 퀴르자와,"['테오', '무사 시소코', '페를랑 멘디', '로베르 피레스', '홍철']"
600,레오 뒤부아,['케빈 말키']
601,레오 자바,"['조르디 알바', '홍철', '마르셀루', 'A. 산체스']"
602,레오나르두,"['네이마르 Jr.', '도안 리쓰']"
603,레온 고레츠카,"['이스코', '루드 굴리트', 'P. 비에이라', '에마뉘엘 프티']"
604,레온 바일리,"['벤 포스터', '손흥민', '데헤아', '가레스 베일', '네이마르 Jr.']"
605,레이턴 베인스,"['알반 라퐁', '리스 넬슨', '페를랑 멘디', 'L. 로페스', '저메인 렌스']"
606,레프 야신,"['잔루이지 부폰', '페트르 체흐', '에데르', '데헤아']"
607,로돌포 피사로,"['에데르', '카일 워커', '한스 바나컨']"
608,로드리,"['P. 비에이라', '에마뉘엘 프티', '라파엘 바란', '페르난지뉴', '루드 굴리트']"
609,로드리고,"['페르난도 토레스', '킬리안 음바페', 'P. 오바메양', '가레스 베일', '카일 워커']"
610,로랑 블랑,"['라파엘 바란', 'P. 비에이라', '세르히오 라모스', '파올로 말디니']"
611,로랑 코시엘니,"['라파엘 바란', '솔 캠벨', 'M. 발로텔리', '파올로 말디니', '호나우두']"
612,로렌,"['토마스 뮐러', '로멜루 루카쿠', '김신욱', '조지 베스트', '세르히오 라모스']"
613,로렌초 인시녜,"['손흥민', '잔프랑코 졸라', '가레스 베일', '네이마르 Jr.', '리오넬 메시']"
614,로리 베레타,"['다비드 루이스', 'P. 비에이라', '조나탄 비에라', '다비드 실바', '루카 모드리치']"
615,로만 뷔어키,"['주앙 칸셀루', '펠레', 'M. 발로텔리', '알렉스 산드루', '티에리 앙리']"
616,로맹 아무마,"['테오', 'D. 카를루스', '에딘 제코', '조르디 알바', '히바우두']"
617,로멜루 루카쿠,"['M. 발로텔리', 'H. 크레스포', '루드 굴리트', '파올로 말디니']"
618,로베르 피레스,"['루이스 피구', '니콜라 페페', '티에리 앙리']"
619,로베르토 바조,"['요한 크루이프', '리오넬 메시', '히바우두', '네이마르 Jr.']"
620,로비 브레이디,['네이마르 Jr.']
621,로비 파울러,"['S. 아구에로', '이언 러시', '네이마르 Jr.', '티에리 앙리']"
622,로빈 고젠스,"['페르난도 가고', '마르코스 요렌테']"
623,로빈 반페르시,"['페르난도 토레스', '티에리 앙리', '리오넬 메시', '아리언 로번']"
624,로스 바클리,"['주앙 펠릭스', '루드 굴리트', '산티 미나', '미하엘 발락']"
625,로이 킨,"['폴 스콜스', '아르투로 비달', 'P. 비에이라', '에마뉘엘 프티']"
626,로이크 페랑,"['황의조', '에마뉘엘 프티']"
627,로케 메사,"['M. 슈네델랑', 'P. 비에이라', '에마뉘엘 프티', '잭 로드웰', '라자 나잉골란']"
628,루드 굴리트,"['폴 포그바', '미하엘 발락', 'P. 비에이라', '에마뉘엘 프티']"
629,루벤 페냐,['케빈 음바부']
630,루이무 보아스 산투스,"['테오', '라파엘 바란', '잔프랑코 졸라', '가가와 신지', '세르히오 라모스']"
631,루이스 구스타부,"['은골로 캉테', 'P. 비에이라', '페르난지뉴', 'M. 발로텔리', '루드 굴리트']"
632,루이스 무리엘,"['A. 발렌시아', '가야', 'P. 비에이라', '에마뉘엘 프티']"
633,루이스 알베르토,"['헐크', '에마뉘엘 프티', '폴 스콜스', '네이마르 Jr.', '나비 케이타']"
634,루이스 펠리피,['E. 바르가스']
635,루이스 피구,"['스티븐 제라드', '가레스 베일', '네이마르 Jr.', '루드 굴리트']"
636,루카 모드리치,"['리오넬 메시', '루드 굴리트', 'P. 비에이라', '에마뉘엘 프티']"
637,루카 요비치,"['주앙 칸셀루', 'A. 발렌시아', '카림 벤제마', '카일 워커', '알렉스 산드루']"
638,루카스 레이바,"['닉 포프', 'S. 아구에로', '데헤아', '티보 쿠르투아', 'A. 베고비치']"
639,루카스 모라,"['루카스 레이바', '크리스티아누 호날두', '가레스 베일', '주앙 펠릭스']"
640,루카스 바스케스,"['크리스티아누 호날두', '시오 월콧', '가레스 베일', '네이마르 Jr.', '다니엘 바스']"
641,루카스 빌리아,"['마르코스 알론소', '마르코스 로호', '은골로 캉테', '로베르토 바조', '브루누 알베스']"
642,루카스 파케타,"['루카스 레이바', '홍철', '카일 워커', '한스 바나컨']"
643,루크 쇼,"['홍철', '다비드 알라바', '알렉스 산드루', '페를랑 멘디']"
644,룩 카스타뇨스,"['잔프랑코 졸라', 'M. 반바스텐']"
645,뤼카 디뉴,"['테오', '홍철', '카일 워커', '페를랑 멘디']"
646,뤼크 더용,"['라파엘 바란', '크리스티아누 호날두', '파올로 말디니', '얀 콜러', '루드 굴리트']"
647,리로이 자네,"['네이마르 Jr.', '뱅상 콤파니', '가레스 베일', '리오넬 메시']"
648,리스 넬슨,"['후안 포이트', '마르코스 로호', 'E. 가라이', '페를랑 멘디']"
649,리스 제임스,"['P. 비에이라', '카일 워커', '폴 포그바', '야야 사노고', '알마미 투레']"
650,리야드 마레즈,"['가레스 베일', '네이마르 Jr.', '리로이 자네', '웨인 루니', '리오넬 메시']"
651,리언 발로군,"['D. 카를루스', '도안 리쓰', '카푸', 'P. 오바메양', '파올로 말디니']"
652,리오 퍼디난드,"['이정수', '라파엘 바란', '세르히오 라모스', '파올로 말디니']"
653,리오넬 메시,"['펠레', '크리스티아누 호날두', 'D. 마라도나', '네이마르 Jr.']"
654,마누 가르시아,"['마이클 캐릭', '네이마르 Jr.']"
655,마누 트리게로스,"['레프 야신', '베른트 레노', '티보 쿠르투아', '미하엘 발락', '페트르 체흐']"
656,마누엘 노이어,"['리스 넬슨', '에데르', '데헤아', '티보 쿠르투아', '페트르 체흐']"
657,마누엘 라차리,"['무사 시소코', '루이스 피구', '은골로 캉테', 'P. 비에이라', '조니']"
658,마누엘 란시니,"['테오', 'W. 슈체스니', '잔루이지 부폰', '티보 쿠르투아', '호나우두']"
659,마누엘 아칸지,"['로만 뷔어키', '파비안 셰어', '파올로 말디니', '마츠 후멜스']"
660,마레크 함시크,"['라파엘 바란', '얀 베르통언', '파트리크 시크', '라자 나잉골란', '리오넬 메시']"
661,마르셀 드사이,"['P. 비에이라', '라파엘 바란', '세르히오 라모스', '파올로 말디니']"
662,마르셀 슈멜처,"['니코 슐츠', '다비드 알라바', '루카 모드리치', '알렉스 산드루']"
663,마르셀 자비처,"['제롬 보아텡', 'E. 포르스베리', '게리 케이힐', '네이마르 Jr.', '수소']"
664,마르셀루,"['루드 굴리트', '리오넬 메시', 'P. 비에이라', '에마뉘엘 프티']"
665,마르카노,"['닉 포프', '리스 넬슨', '데헤아', 'G. 돈나룸마', '티보 쿠르투아']"
666,마르코 로이스,"['네이마르 Jr.', '가레스 베일', '킬리안 음바페', '루드 굴리트']"
667,마르코 반힝켈,"['W. 베고르스트', '루크 쇼', '나이젤 더용', '피터 크라우치']"
668,마르코 베라티,"['폴 포그바', '루카 모드리치', '은골로 캉테', '루드 굴리트']"
669,마르코 아센시오,"['에덴 아자르', '모하메드 살라', '존 테리', '시오 월콧', '가레스 베일']"
670,마르코 파롤로,"['리스 제임스', '페를랑 멘디', '가브리엘', '제임스 밀너', '루드 굴리트']"
671,마르코 파비안,"['토마스 뮐러', '로스 바클리', '안드레 쉬얼레', 'F. 레이카르트', '이정수']"
672,마르코 피아차,"['리로이 자네', '손흥민']"
673,마르코스 로호,"['D. 스터리지', '라울', '카림 벤제마', 'J. 히메네스']"
674,마르코스 알론소,"['마르코스 로호', '다비드 루이스', 'R. 푸네스 모리', '애슐리 영']"
675,마르크 우트,"['알리송', '조현우', '리스 넬슨', '데헤아', '티보 쿠르투아']"
676,마르키뉴스,"['라파엘 바란', '제롬 보아텡', '다비드 루이스', '파올로 말디니']"
677,마르턴 더론,"['테오', '히샤를리송', '손흥민']"
678,마를루스,"['피케', '리오넬 메시', '파올로 말디니', '솔 캠벨']"
679,마리오 가스파르,"['은골로 캉테', '에마뉘엘 프티', 'L. 마테우스', '라자 나잉골란', '루드 굴리트']"
680,마리오 고메스,"['토마스 뮐러', 'H. 크레스포', '티모 베르너', 'A. 고메스', '마리오 가스파르']"
681,마리오 괴체,"['펠레', '에덴 아자르', '킬리안 음바페', '마르코 로이스']"
682,마리오 에르모소,"['디에고 고딘', 'C. 푸욜', '라파엘 바란', '세르히오 라모스', '파올로 말디니']"
683,마리오 페르난데스,"['닉 포프', '크리스티아누 호날두', '김정민', '티보 쿠르투아', 'A. 베고비치']"
684,마마두 사코,"['디아프라 사코', '조엘 마티프', '라파엘 바란', '파비뉴', '파올로 말디니']"
685,마우로 사라테,"['손흥민', 'S. 아구에로', '킬리안 음바페', '펠레', '리오넬 메시']"
686,마우루 주니오르,"['주앙 칸셀루', '마르코 베라티', '잔루이지 부폰', 'C. 은쿤쿠', '루드 굴리트']"
687,마우콩,"['네이마르 Jr.', '리오넬 메시', '쿠티뉴']"
688,마이카 리처즈,"['파올로 말디니', '루드 굴리트', '카일 워커', '제롬 보아텡']"
689,마이크 도일,"['리오 퍼디난드', '기슬랭 코난', '파올로 말디니', 'P. 비에이라']"
690,마이크 메냥,"['알반 라퐁', '미하엘 발락']"
691,마이크 서머비,"['쿠아레즈마', '루이스 피구', '킬리안 음바페', '네이마르 Jr.', '세르히오 라모스']"
692,마이클 오언,"['S. 아구에로', '페르난도 토레스', '리오넬 메시', '티에리 앙리']"
693,마이클 캐릭,"['폴 스콜스', 'P. 에브라', '제시 린가드', '마이클 오언']"
694,마이클 킨,"['주앙 칸셀루', '파올로 말디니', '카일 워커', '루드 굴리트', '마이클 오언']"
695,마츠 후멜스,"['제롬 보아텡', '니클라스 쥘레', '세르히오 라모스', '파올로 말디니']"
696,마테우스 쿠냐,"['H. 크레스포', '킬리안 음바페', 'P. 오바메양', '하파엘 레앙', '티에리 앙리']"
697,마티아스 긴터,"['P. 비에이라', '에마뉘엘 프티', '세르지오 부스케츠', '마르셀루', '루드 굴리트']"
698,마티외 드뷔시,"['폴 포그바', '팔카오', '존 테리']"
699,막스 마이어,"['L. 마테우스', '에덴 아자르', '리오넬 메시', '산티 미나']"
700,막스 크루제,"['토마스 파티', '에딘손 카바니', 'P. 오바메양', '김신욱', '루카스 모라']"
701,막심 로페즈,['은골로 캉테']
702,말랑 사르,"['P. 비에이라', '라파엘 바란', 'I. 사르', '사뮈엘 움티티', '마르셀 드사이']"
703,말컹,"['D. 트레제게', '히바우두', '로멜루 루카쿠', '솔 캠벨']"
704,매튜 라이언,"['혼다 게이스케', '루드 굴리트']"
705,맥스 에런스,['아르투로 비달']
706,맷 도허티,"['리스 넬슨', 'A. 발렌시아', '로비 브레이디', '카를로스 바카', '가야']"
707,맷 미아즈가,"['레프 야신', '마르코 로이스']"
708,메디 베나티아,"['L. 보누치', '잔프랑코 졸라', '로스 바클리', 'P. 비에이라']"
709,메수트 외질,"['앙헬 디마리아', 'F. 페레이라', '루드 굴리트', '카일 워커']"
710,메이슨 마운트,"['로만 뷔어키', '옌스 레만', '조지 베스트', '프랭크 램파드']"
711,멤피스 데파이,"['주앙 칸셀루', '은골로 캉테', 'S. 아구에로', '페르난지뉴', '카일 워커']"
712,모라타,"['H. 크레스포', '페르난도 토레스', '크리스티아누 호날두', '해리 케인', '루카스 모라']"
713,모랄레스,"['로멜루 루카쿠', '데헤아', '티보 쿠르투아', 'A. 베고비치', 'T. 스트라코샤']"
714,모르간 상송,"['폴 포그바', '김도근']"
715,모야,"['P. 비에이라', '에마뉘엘 프티', '잔프랑코 졸라', '루드 굴리트', '파올로 말디니']"
716,모이스 킨,"['다비드 루이스', '다비드 실바', '니콜라 페페']"
717,모지스 사이먼,"['리오넬 메시', '라울', '에우제비우', '파블로 마리']"
718,모하메드 살라,"['사디오 마네', '가레스 베일', '에덴 아자르', '리오넬 메시']"
719,무니아인,"['S. 엘샤라위', 'K. 슈마이켈', '데헤아', '유리 베르치체', '리오넬 메시']"
720,무사 뎀벨레,"['조던 헨더슨', '무사 시소코', '루드 굴리트', '에마뉘엘 프티']"
721,무사 디아비,"['후안프란', '헤낭 로지', '카를로스 바카', '카일 워커']"
722,무사 마레가,"['무사 시소코', '산티 미나', '페르난도 토레스', '리로이 자네', '포르투']"
723,무사 바로,"['스티븐 제라드', '크리스 우드']"
724,무사 시소코,"['라파엘 바란', '루드 굴리트', 'P. 비에이라', '에마뉘엘 프티']"
725,무사 코나테,"['라이언 긱스', '카시야스', '케일러 나바스', '김영광']"
726,무토 요시노리,['사카이 히로키']
727,문선민,"['손흥민', '김승대', '박지성', '네이마르 Jr.', '리오넬 메시']"
728,미겔 벨로주,"['필리포 인자기', '김신욱', '모하메드 살라', 'M. 만주키치']"
729,미란다,"['뤼카 디뉴', '디에고 고딘', '니콜라 페페', 'P. 비에이라']"
730,미셀 플랍,"['뱅상 콤파니', '소크라테스', '루드 굴리트', '피터 크라우치']"
731,미시 바추아이,"['A. 셰브첸코', 'H. 크레스포', 'P. 오바메양', '로멜루 루카쿠', '곤살로 이과인']"
732,미하엘 렌징,['야프 스탐']
733,미하엘 발락,"['폴 포그바', '루드 굴리트', 'P. 비에이라', '에마뉘엘 프티']"
734,미하일 리소프,['M. 가비아디니']
735,믹스,"['박지수', '곽광선', '강민수', '루드 굴리트', '파올로 말디니']"
736,밀란 바델,"['에덴 아자르', '알반 라퐁']"
737,밀레 스빌라르,"['P. 비에이라', '크리스티아누 호날두', '모하메드 살라', '폴 포그바', '리오넬 메시']"
738,밀로트 라시차,"['펠레', '후안 마타']"
739,바렐라,"['구자철', '손흥민']"
740,바르트라,"['피케', '도안 리쓰', 'C. 푸욜', '사뮈엘 움티티', '세르히오 라모스']"
741,바스 도스트,"['젠나로 가투소', 'J. 도스 산토스', '크리스티아누 호날두', '라자 나잉골란', '루드 굴리트']"
742,바카리 사냐,"['에마뉘엘 프티', '가브리엘', '가레스 베일', '히바우두', '리오넬 메시']"
743,박용우,['박지수']
744,박주영,"['안정환', '크리스티아누 호날두', '황의조', '호나우두']"
745,박주호,"['기성용', '홍철', '김진수', '이재성']"
746,박지성,"['기성용', '유상철', '폴 스콜스', '유리 베르치체']"
747,박지수,['김민재']
748,발랑탕 롱지에,"['은골로 캉테', '로렌', '레온 고레츠카', '카일 워커', '루드 굴리트']"
749,발레르 제르망,"['S. 아구에로', '무토 요시노리']"
750,발렌티노스,"['김도균', '에마뉘엘 프티']"
751,발렌틴 슈토커,"['무사 시소코', '소크라티스', '루드 굴리트', '파올로 말디니']"
752,발테르 비르사,"['M. 스테켈렌뷔르흐', '조던 픽포드']"
753,배기종,['남준재']
754,백승호,"['기성용', '정우영']"
755,뱅상 콤파니,"['차두리', '파올로 말디니', '카일 워커', '브루누 알베스']"
756,뱅자맹 르콩트,"['피케', 'C. 푸욜', '사뮈엘 움티티', '클레망 랑글레', 'J. 드락슬러']"
757,뱅자맹 멘디,"['테오', '페를랑 멘디', '홍철', 'O. 진첸코', '파올로 말디니']"
758,뱅자맹 무칸조,"['김신욱', '곽태휘', '이동국', '박주영', '파블로 마리']"
759,뱅자맹 파바르,"['뤼카 디뉴', '제롬 보아텡', '라파엘 바란', 'L. 에르난데스', '파올로 말디니']"
760,버질 반데이크,"['P. 비에이라', '라파엘 바란', '세르히오 라모스', '루드 굴리트', '파올로 말디니']"
761,베냐민 헨릭스,"['하파엘', '테오', '로렌', '카일 워커']"
762,베냐트,"['마르코스 로호', '홍철', '카일 워커', '우마르 니아세', '브루누 알베스']"
763,베랏 디므시티,['니코 슐츠']
764,베론,"['폴 포그바', '루드 굴리트', '폴 스콜스', '미하엘 발락']"
765,베르나르두 실바,"['라힘 스털링', '가레스 베일', '다비드 실바', '리로이 자네', '리오넬 메시']"
766,베른트 레노,"['옌스 레만', '마르코 베라티', '페트르 체흐', '이드리사 게예']"
767,베베,"['L. 마테우스', '헐크', '로멜루 루카쿠']"
768,벤 데이비스,"['에데르', 'A. 데이비스', '이영표', 'A. 아레올라', '대니 로즈']"
769,벤 칠웰,"['커트 주마', '리스 넬슨', '리스 제임스', '산티 미나', '카일 워커']"
770,변재섭,"['김두현', 'D. 마라도나', '조광래']"
771,보르하 이글레시아스,"['라울', '루드 굴리트', 'P. 비에이라', '미하엘 발락']"
772,보비 무어,"['라자 나잉골란', 'F. 칸나바로', '세르히오 라모스', '파올로 말디니']"
773,보얀,"['A. 셰브첸코', '리오넬 메시', '손흥민', '네이마르 Jr.', '루드 굴리트']"
774,부트라게뇨,"['호나우두', '펠레', '네이마르 Jr.', '리오넬 메시', '티에리 앙리']"
775,불투이스,['차두리']
776,브누아 코스틸,['에마뉘엘 프티']
777,브라얀 페레아,['M. 발로텔리']
778,브라이스 멘데스,"['야프 스탐', 'M. 더리흐트', '다비드 실바']"
779,브루노,"['마르코스 알론소', '세르지오 부스케츠']"
780,브루누 세사르,"['A. 발렌시아', '로멜루 루카쿠', '홍철', '카일 워커', '루드 굴리트']"
781,브루누 알베스,"['토마스 뮐러', '젠나로 가투소', '리오 퍼디난드', '니콜라 페페', 'A. 고메스']"
782,브루누 페르난데스,"['손흥민', '폴 포그바', '브루노', '리오넬 메시', '루드 굴리트']"
783,브릴 엠볼로,"['리오 퍼디난드', '무사 뎀벨레', '유리 베르치체', 'C. 비에리', '해리 케인']"
784,비니시우스 주니어,"['에덴 아자르', '크리스티아누 호날두', '무사 뎀벨레', '가레스 베일', '네이마르 Jr.']"
785,비톨로,"['코케', '크리스티아누 호날두', '홍철', '박지성', '팔카오']"
786,빅터 오시멘,"['잔프랑코 졸라', '테이 사바니에', '디에고 데메']"
787,빅토르 산체스,"['S. 아구에로', '에마뉘엘 프티']"
788,빅토르 완야마,"['리스 넬슨', '마르빈 히츠', '에데르', '데헤아', '옌스 레만']"
789,빅토르 피셔,"['S. 엘샤라위', '도안 리쓰']"
790,빌리 오르반,"['젠나로 가투소', 'L. 보누치', '은골로 캉테', '에마뉘엘 프티', '그라니트 자카']"
791,사두 디알로,['S. 아구에로']
792,사디오 마네,"['네이마르 Jr.', '리오넬 메시', '킬리안 음바페', '모하메드 살라']"
793,사무엘레 롱고,"['게리 네빌', 'A. 발렌시아', '케빈 음바부', '시오 월콧', '카일 워커']"
794,사뮈엘 에토,"['알마미 투레', 'P. 비에이라', '페르난지뉴', '야야 사노고', '루드 굴리트']"
795,사뮈엘 움티티,"['C. 푸욜', '라파엘 바란', '카이 하베르츠', '피케']"
796,사미 케디라,"['P. 비에이라', '에마뉘엘 프티', '손흥민', '리오넬 메시', '루드 굴리트']"
797,사울,"['아르투로 비달', '루드 굴리트', 'P. 비에이라', '에마뉘엘 프티']"
798,산드로,"['S. 아구에로', '웨인 루니', '마이클 오언', '로멜루 루카쿠']"
799,산드로 토날리,['이강인']
800,산티 미나,['S. 할러']
801,산티 카소를라,"['산티 미나', '킬리안 음바페', '메수트 외질', '모하메드 살라', '세스크 파브레가스']"
802,살로몬 론돈,"['J. 도스 산토스', '이누이 다카시', '네이마르 Jr.', '다니엘 바스', '리오넬 메시']"
803,살로몬 칼루,['윌리안']
804,살리프 사네,['유리 베르치체']
805,서동명,"['조현우', 'I. 사르', '김병지', '김승규']"
806,서정원,"['네이마르 Jr.', '조지 베스트', '리오넬 메시', '하석주']"
807,설기현,"['안정환', '루이스 피구', '로멜루 루카쿠', '미하엘 발락']"
808,세나드 룰리치,"['페드로', '아르투로 비달', 'P. 비에이라']"
809,세르주 냐브리,"['프랑크 리베리', '손흥민', '가레스 베일', '네이마르 Jr.', '리오넬 메시']"
810,세르주 오리에,"['주앙 칸셀루', '카푸', '카일 워커', '알렉스 산드루', 'F. 칸나바로']"
811,세르지 다르데르,['에런 모이']
812,세르지 로베르토,"['리스 넬슨', '티보 쿠르투아', '마이클 오언']"
813,세르지오 부스케츠,"['아르투로 비달', '루드 굴리트', 'P. 비에이라', '에마뉘엘 프티']"
814,세르히오 라모스,"['이정수', '라파엘 바란', 'P. 비에이라', '파올로 말디니']"
815,세르히오 리코,"['잔프랑코 졸라', '가야', '호나우두']"
816,세르히오 아센호,"['커트 주마', '닉 포프']"
817,세스크 파브레가스,"['프랭크 램파드', '루드 굴리트', 'P. 비에이라']"
818,세이두 둠비아,"['다비드 소리아', '레프 야신', '리스 넬슨', '데헤아']"
819,세징야,"['마이클 캐릭', '손흥민', '말컹', '네이마르 Jr.', '리오넬 메시']"
820,셀소 보르헤스,['A. 발렌시아']
821,셰이머스 콜먼,"['파벨 네드베드', '루이스 피구', '손흥민', '가레스 베일', '루드 굴리트']"
822,셰인 롱,['H. 크레스포']
823,셰후 쿠야테,"['랜던 도노번', '호나우두']"
824,소아리스,"['리스 넬슨', 'M. 반바스텐', '에드가', '포르투', '호나우두']"
825,소크라테스,"['라파엘 바란', '가린샤', '루드 굴리트', 'F. 레이카르트']"
826,소크라티스,"['알리송', '소크라테스', '윌리안', '솔 캠벨']"
827,소피안 페굴리,"['홍철', '올리버 핑크']"
828,손준호,"['홍철', '박지성', '조지 베스트', '마르셀루', '루드 굴리트']"
829,손흥민,"['리오넬 메시', '크리스티아누 호날두', '가레스 베일', '네이마르 Jr.']"
830,솔 캠벨,"['라파엘 바란', '디아프라 사코', '루드 굴리트', '파올로 말디니']"
831,송범근,"['닉 포프', '조현우', '서동명', '로스 바클리', 'A. 베고비치']"
832,송종국,"['유상철', '홍명보', '차두리', '최태욱']"
833,송진형,['파올로 말디니']
834,수사에타,"['카일 워커', 'N. 클라인']"
835,수소,"['C. 바캄부', '다비드 루이스', '에덴 아자르', '리오넬 메시']"
836,술레만 카마라,"['한국영', '펠레', '에마뉘엘 프티']"
837,슈벤 울라이히,['티보 쿠르투아']
838,슈테판 키슬링,"['호나우두', 'S. 아구에로', 'O. 마틴스', '리오넬 메시', '티에리 앙리']"
839,스벤 벤더,"['젠나로 가투소', '마르코스 요렌테', '이니에스타']"
840,스테브 망당다,"['나우두', '니코 슐츠', '나초 몬레알', '루드 굴리트', '파올로 말디니']"
841,스테판 뤼피에,"['잔루이지 부폰', '리스 넬슨', '마티아 페린', '데헤아', '케빈 트라프']"
842,스테판 무고샤,"['라파엘 바란', '믹스', '헤수스 코로나', '김도근', '조지 베스트']"
843,스테판 사비치,"['디에고 고딘', 'J. 히메네스', '로멜루 루카쿠', '세르히오 리코', '파올로 말디니']"
844,스티븐 은존지,"['C. 브라보', '니콜라 페페', '데헤아', '페페 레이나', '루드 굴리트']"
845,스티븐 제라드,"['프랭크 램파드', '폴 포그바', '루드 굴리트', '뎀바 바']"
846,시드네이,['다비드 실바']
847,시모네 베르디,"['네이마르 Jr.', '루카스 모라', '리오넬 메시', '라힘 스털링']"
848,시모네 차차,"['레프 야신', '벤 포스터', '웨인 헤네시', '데헤아', '호나우두']"
849,시몬 키에르,"['게리 네빌', 'A. 발렌시아', '잔프랑코 졸라', '하네스 볼프', 'F. 칸나바로']"
850,시오 월콧,"['리오넬 메시', '가레스 베일', '네이마르 Jr.', '아리언 로번']"
851,신진호,['홍철']
852,신홍기,"['세르히오 라모스', '차두리', '파올로 말디니', '현영민']"
853,심동운,['조현우']
854,심상민,['홍철']
855,아다마 트라오레,"['킬리안 음바페', 'J. 히메네스', '네이마르 Jr.', '리오넬 메시', 'A. 트라오레']"
856,아단,['모랄레스']
857,아담 마헤르,"['프랭크 램파드', '제임스 매디슨']"
858,아뎀 랴이치,"['손흥민', '킬리안 음바페', '네이마르 Jr.', '리오넬 메시', '마르코 로이스']"
859,아두리스,"['M. 클로제', '리스 넬슨', 'A. 발렌시아', '조던 모리스', 'A. 고메스']"
860,아드리아노,['티모 베르너']
861,아드리아누,"['페드로', '리오넬 메시', '프레드']"
862,아드리엥 실바,['은골로 캉테']
863,아딜 라미,"['스티븐 제라드', 'S. 할러', 'N. 클라인']"
864,아론 램지,"['데일리 블린트', '그라니트 자카', 'P. 비에이라', '에마뉘엘 프티']"
865,아르네 마이어,"['에마뉘엘 프티', '잔프랑코 졸라', '토니 빌레나', '루카 모드리치', '루드 굴리트']"
866,아르다 투란,"['마르코스 알론소', '홍철', 'O. 진첸코', '리오넬 메시']"
867,아르만도 이초,"['잔루카 만치니', 'G. 키엘리니', 'A. 네스타', '파올로 말디니']"
868,아르투로 비달,"['미하엘 발락', '루드 굴리트', 'P. 비에이라', '에마뉘엘 프티']"
869,아르투르,"['이반 라키티치', '아르투로 비달', '브루누 페레스', '페르난지뉴', '알렉스 산드루']"
870,아리언 로번,"['프랑크 리베리', '에덴 아자르', '리오넬 메시', '모하메드 살라']"
871,아민 하리트,['루크 쇼']
872,아스필리쿠에타,"['토마스 뮐러', '다비드 알라바', '하미레스', 'C. 사파타']"
873,아이커썬,"['헐크', '조지 베스트', '로베르토 바조']"
874,악셀 비첼,"['에마뉘엘 프티', '루드 굴리트', 'P. 비에이라', '미하엘 발락']"
875,악셀 투안제베,"['바스 도스트', '다니엘 바스', '해리 케인', 'E. 홀란', '마르코 로이스']"
876,안데르 에레라,"['테오', '페를랑 멘디', '프레드', '네마냐 마티치', '폴 포그바']"
877,안데르송 탈리스카,"['토마스 뮐러', '크리스티아누 호날두', '박지성', '김신욱', 'M. 만주키치']"
878,안드레 고메스,"['A. 고메스', '루카 모드리치', '페이비언 델프', '포르투']"
879,안드레 쉬얼레,"['가레스 베일', '미하엘 발락', '손흥민', '베론']"
880,안드레 실바,"['안드레 고메스', '페르난도 토레스', '크리스티아누 호날두', '다비드 실바', '곤살로 이과인']"
881,안드레 아이유,"['펠레', '가레스 베일', '루드 굴리트', '리로이 자네']"
882,안드레 알메이다,"['리스 넬슨', '손흥민', '미시 바추아이', '세르히오 라모스', '파올로 말디니']"
883,안드레 카리요,['라힘 스털링']
884,안드리 루닌,['조니 에번스']
885,안드리 퍄토프,"['알리송', '조현우', '크리스티아누 호날두', '가야', '안드레아 라지']"
886,안바르 엘가지,"['토마스 뮐러', '차범근', '요엘 아소로', '황의조', '루드 굴리트']"
887,안정환,"['황선홍', '해리 케인', '황의조', '손흥민']"
888,안테 레비치,"['M. 발로텔리', '킬리안 음바페', '로멜루 루카쿠']"
889,안토니 로페스,"['스티븐 제라드', 'L. 로페스', '케일러 나바스', '에데르']"
890,안현범,"['홍철', '하석주']"
891,알라산 플레아,"['S. 아구에로', 'C. 테베스', '데헤아', 'J. 마스체라노', '리오넬 메시']"
892,알랑,"['은골로 캉테', '리스 넬슨', '카림 벤제마', '시모네 차차', '리오넬 메시']"
893,알랑 카르발류,['파블로 마리']
894,알랭 생막시맹,['로멜루 루카쿠']
895,알레냐,"['파울리뉴', '아르투로 비달', '네이마르 Jr.', '나이젤 더용', '쿠티뉴']"
896,알레샨드리 파투,"['크리스티아누 호날두', '가레스 베일', '리오넬 메시', '필리포 인자기']"
897,알렉스 메레트,"['E. 반데르사르', 'G. 돈나룸마', '페페 레이나', '대니 로즈']"
898,알렉스 산드루,"['홍철', '다비드 알라바', '마르셀루', '페를랑 멘디']"
899,알렉스 테이세이라,"['펠레', '네이마르 Jr.', '루카 모드리치', '리오넬 메시', '루드 굴리트']"
900,알렉스 텔리스,"['리스 넬슨', '은골로 캉테', '홍철', '가레스 베일', '이드리사 게예']"
901,알렉시 랄라스,"['야프 스탐', '라파엘 바란', '에우제비우', '솔 캠벨', '파올로 말디니']"
902,알리 시소코,"['무사 시소코', '페를랑 멘디', 'A. 발렌시아', '조르디 알바', '가야']"
903,알리바예프,"['김승대', '김인성', '맷 리치']"
904,알리송,"['카림 벤제마', '페페 레이나', '에데르', '데헤아']"
905,알마미 투레,"['커트 주마', 'M. 발로텔리', '호베르투 피르미누', '도안 리쓰']"
906,알반 라퐁,"['지네딘 지단', 'A. 아레올라', '리스 넬슨', '호나우두']"
907,압두 디알로,"['라파엘 바란', '세르히오 라모스', '다비드 루이스', 'F. 칸나바로']"
908,앙드레 오나나,"['알반 라퐁', '악셀 비첼', '프랭크 램파드', '무사 뎀벨레', '폴 포그바']"
909,앙디 들로르,"['로만 뷔어키', 'C. 비에리', 'M. 발로텔리', '올리비에 지루']"
910,앙코 얀선,"['티모 베르너', '킬리안 음바페', '루드 굴리트', '호나우두']"
911,앙토니 마시알,"['크리스티아누 호날두', '킬리안 음바페', '네이마르 Jr.', '리오넬 메시', '티에리 앙리']"
912,앙헬 디마리아,"['제롬 보아텡', '가레스 베일', '킬리안 음바페', '네이마르 Jr.']"
913,앙헬 코레아,"['S. 아구에로', '에덴 아자르', '리오넬 메시', 'A. 베고비치']"
914,앙헬리뇨,"['아리언 로번', '미시 바추아이', '페를랑 멘디', '에데르']"
915,애덤 랄라나,"['조던 헨더슨', '에릭 바이', '제르단 샤키리', '제임스 밀너', '파비뉴']"
916,애슐리 영,"['라이언 긱스', '잔프랑코 졸라', '윌리안', '라힘 스털링']"
917,애슐리 콜,"['가레스 베일', '에마뉘엘 프티', '다비드 루이스', '아스필리쿠에타']"
918,앤디 캐롤,"['올리비에 지루', '해리 케인', '얀 콜러']"
919,앨런 시어러,"['페르난도 토레스', '웨인 루니', '해리 케인', '파올로 말디니', '호나우두']"
920,앨릭스 이워비,"['C. 벤테케', '로멜루 루카쿠', '펠레', '히바우두', '호나우두']"
921,야니크 볼라시,"['루이스 피구', '펠레', '네이마르 Jr.', '세르히오 라모스', '파올로 말디니']"
922,야리 리트마넨,"['파벨 네드베드', '아르투로 비달', '네이마르 Jr.', '리오넬 메시', '루드 굴리트']"
923,야신 브라히미,"['에덴 아자르', '손흥민', '네이마르 Jr.', '리오넬 메시', '포르투']"
924,야야 사노고,['로멜루 루카쿠']
925,야야 투레,"['H. 크레스포', '에딘손 카바니', '로멜루 루카쿠', 'M. 발로텔리', '루드 굴리트']"
926,야프 스탐,"['라파엘 바란', '세르히오 라모스', '파올로 말디니', '솔 캠벨']"
927,얀 베르통언,"['라파엘 바란', 'P. 비에이라', '파올로 말디니', '에마뉘엘 프티']"
928,얀 오블라크,"['조현우', 'K. 슈마이켈', '에데르', '데헤아', '티보 쿠르투아']"
929,얀 음빌라,"['루드 굴리트', '은골로 캉테', 'P. 비에이라', '에마뉘엘 프티']"
930,얀 조머,"['로만 뷔어키', 'P. 오바메양', '아르투로 비달', '가레스 베일', '올리비에 지루']"
931,얀 카라모,"['메리 데미랄', '가레스 베일', 'H. 크레스포', '더글라스 코스타']"
932,얀 콜러,"['김신욱', '루드 굴리트', '로멜루 루카쿠']"
933,에네스 위날,['웨인 루니']
934,에덤 타가트,['김승대']
935,에데르,"['피케', '로랑 블랑', '사뮈엘 움티티', '클레망 랑글레', '파올로 말디니']"
936,에데르 밀리탕,"['커트 주마', '라파엘 바란', '네이마르 Jr.', '세르히오 라모스', '파올로 말디니']"
937,에데르송,"['에데르', '데헤아', '다비드 실바', '티보 쿠르투아', '조 하트']"
938,에덴 아자르,"['네이마르 Jr.', '가레스 베일', '리오넬 메시', '손흥민']"
939,에드가,['기성용']
940,에딘 비슈차,['메수트 외질']
941,에딘 제코,"['S. 아구에로', '올리비에 지루', 'H. 크레스포', '호나우두']"
942,에딘손 카바니,"['H. 크레스포', '킬리안 음바페', '네이마르 Jr.', '호나우두']"
943,에란 자하비,['조던 헨더슨']
944,에런 모이,"['루카 모드리치', '이니에스타']"
945,에리크 라멜라,"['야프 스탐', '가레스 베일', '네이선 아케', '손흥민']"
946,에리크 보테긴,['루드 굴리트']
947,에릭 다이어,"['무사 시소코', 'P. 비에이라', '에마뉘엘 프티', '아르투로 비달', '미하엘 발락']"
948,에릭 바이,"['야프 스탐', '라파엘 바란', '세르히오 라모스', '파올로 말디니']"
949,에릭 브룩,"['라이언 세세뇽', '리오넬 메시', 'D. 마라도나', '네이마르 Jr.']"
950,에릭 풀가르,"['게리 네빌', '가리 메델']"
951,에마뉘엘 프티,"['은골로 캉테', '루드 굴리트', 'P. 비에이라', '미하엘 발락']"
952,에메르손,"['마르코스 알론소', '마르코스 로호', '에마뉘엘 프티', '홍철', '조르디 알바']"
953,에반데르,"['P. 비에이라', '라파엘 바란', '무사 뎀벨레', '로랑 블랑', '루드 굴리트']"
954,에베르 바네가,"['니콜라 페페', 'M. 테어슈테겐', '이니에스타', '아르투로 비달', '페페 레이나']"
955,에세키엘 폰세,"['S. 아구에로', '라파엘 바란', '세르히오 라모스', '파올로 말디니']"
956,에스쿠데로,"['토마스 뮐러', 'M. 클로제', '윌프리드 자하', '티모 베르너', 'A. 고메스']"
957,에우데르 코스타,"['에덴 아자르', '라힘 스털링', '홍철', '카일 워커', '마이클 오언']"
958,에우제비우,"['네이마르 Jr.', '리오넬 메시', '요한 크루이프', '루드 굴리트']"
959,엑토르 모레노,"['헐크', '한스 바나컨']"
960,엑토르 베예린,"['주앙 칸셀루', '페를랑 멘디', '이언 라이트', '차두리', '올리비에 지루']"
961,엑토르 에레라,"['사울', '토마스 파티', '코케', '안데르 에레라', '포르투']"
962,엔소 페레스,"['은골로 캉테', '에릭 다이어', '모르간 상송', '폴 포그바', 'E. 홀란']"
963,엘리스 스키리,"['피케', '레프 야신', '서동명', '데헤아', '티보 쿠르투아']"
964,엘리프 엘마스,"['피케', 'C. 푸욜', '라파엘 바란', '로랑 블랑', '클레망 랑글레']"
965,엠레 모르,"['커트 주마', '에우제비우', '홍철', '루크 쇼', '네이마르 Jr.']"
966,엠레 잔,"['F. 레이카르트', '미하엘 발락', 'P. 비에이라', '에마뉘엘 프티']"
967,연제운,"['심동운', '시오 월콧', '이동준']"
968,염기훈,"['루카 모드리치', '조지 베스트']"
969,예라이,"['야프 스탐', '라파엘 바란', '파올로 말디니']"
970,예리 미나,['나니']
971,예트로 빌럼스,"['마르셀루', '페를랑 멘디', '에마뉘엘 프티', '알렉스 산드루', '리오넬 메시']"
972,옌스 레만,"['로이 킨', '케일러 나바스', '에딘 제코', '라힘 스털링']"
973,오드리오솔라,"['커트 주마', '헐크', '제롬 보아텡', 'A. 뤼디거', 'R. 푸네스 모리']"
974,오디온 이갈로,"['로멜루 루카쿠', '아론 마르틴']"
975,오르샤,"['오세훈', '김신욱', '차범근']"
976,오리올 로메우,"['P. 비에이라', '에마뉘엘 프티']"
977,오마 곤잘레스,"['테오', '예트로 빌럼스', 'R. 버트란드', '홍철', '루드 굴리트']"
978,오반석,"['박주영', '장현수', '도안 리쓰', '호나우두']"
979,오범석,"['에딘 제코', '말컹', '맷 리치', 'A. 고메스', '김신욱']"
980,오사코 유야,"['호나우두', '아루나 코네']"
981,오스마르,"['홍정호', 'P. 비에이라', '곽광선', '잔프랑코 졸라', '김민재']"
982,오스카,"['펠레', '티모 베르너', 'C. 바캄부', '에마뉘엘 프티']"
983,오야르사발,"['올리비에 지루', '가레스 베일']"
984,오잔 카바크,"['S. 아구에로', '티모 베르너']"
985,오카자키 신지,"['손흥민', '모하메드 살라', '유리 베르치체', '가레스 베일', '루드 굴리트']"
986,온티베로스,"['리스 넬슨', '에데르', '카일 워커', '폴 포그바', '파올로 말디니']"
987,올라 존,"['S. 베르흐베인', '퀸시 프로머스', 'S. 베르흐이스', '아리언 로번']"
988,올리버 바우만,"['잔프랑코 졸라', '코케']"
989,올리버 칸,"['에데르', '레프 야신', 'A. 베고비치', '데헤아']"
990,올리버 핑크,"['주앙 칸셀루', '리스 제임스', '은골로 캉테', '리스 넬슨', '홍철']"
991,올리베르 토레스,"['구자철', '페르난도 토레스', '포르투', 'J. 드락슬러', '페르난도 가고']"
992,올리비에 지루,"['해리 케인', '루드 굴리트', '에딘 제코', '로멜루 루카쿠']"
993,와흐비 카즈리,"['제르단 샤키리', '리오넬 메시', '에릭 바이']"
994,요나스 헥토어,"['니콜라 페페', 'J. 히메네스', '조나탄 비에라', '페페 레이나', '티보 쿠르투아']"
995,요나탄 타,"['제롬 보아텡', '야프 스탐', '파올로 말디니', '팔카오', '루드 굴리트']"
996,요렌테,"['헐크', '우레이']"
997,요시다 마야,"['파올로 말디니', '카일 워커']"
998,요안 구르퀴프,"['지네딘 지단', '폴 포그바', '루드 굴리트', '미하엘 발락']"
999,요엘 아소로,"['S. 아구에로', '페드로 포로']"
1000,요주아 키미히,"['레온 고레츠카', '홍철', '미하엘 발락', '알렉스 산드루', '마르셀루']"
1001,요한 크루이프,"['프랭크 램파드', '리오넬 메시', '에우제비우', '루드 굴리트']"
1002,욘 귀데티,"['델리 알리', 'A. 야누자이', '로랑 블랑', '베베']"
1003,우레이,"['O. 솔샤르', '헐크', '알레샨드리 파투']"
1004,우로시 제리치,['L. 마테우스']
1005,우스만 뎀벨레,"['손흥민', '킬리안 음바페', '무사 뎀벨레', '네이마르 Jr.', '리오넬 메시']"
1006,웨스 모건,"['윌리앙 주제', '잔프랑코 졸라', '루드 굴리트', '요안 구르퀴프']"
1007,웨스턴 매케니,"['조엘 마티프', 'P. 비에이라', '파비뉴', '리오넬 메시', '루드 굴리트']"
1008,웨슬레이,['이동국']
1009,웨인 루니,"['폴 포그바', '리오넬 메시', '루드 굴리트', 'S. 아구에로']"
1010,웨인 헤네시,"['M. 펠라이니', '로멜루 루카쿠', '베론', '미하엘 발락', '루드 굴리트']"
1011,위고 요리스,"['잔루이지 부폰', '리스 넬슨', '에데르', '데헤아', '다비드 실바']"
1012,위삼 벤예데르,"['네이마르 Jr.', '킬리안 음바페', '리오넬 메시', 'S. 아구에로']"
1013,윌리안,"['페드로', '리오넬 메시', '에덴 아자르', '네이마르 Jr.']"
1014,윌리암 살리바,['리오넬 메시']
1015,윌리앙 주제,"['네이마르 Jr.', '손흥민']"
1016,윌리앙 카르발류,"['페르난도 토레스', '사디오 마네', 'P. 비에이라', 'A. 발렌시아']"
1017,윌프리드 자하,"['라파엘 바란', 'D. 마라도나', '네이마르 Jr.', '산티 미나']"
1018,유네스 벨한다,"['구자철', '페르난도 토레스']"
1019,유라이 쿠츠카,"['잭 스테픈', '김승규', '맷 리치', '위삼 벤예데르', '카일 워커']"
1020,유리 지르코프,"['무사 시소코', '가야', '루드 굴리트']"
1021,유리 틸레만스,"['폴 포그바', '루카 모드리치', '리오넬 메시', '루드 굴리트']"
1022,유상철,"['미하엘 발락', '루드 굴리트', 'P. 비에이라', '에마뉘엘 프티']"
1023,유상훈,['잔프랑코 졸라']
1024,유세프 아탈,"['마르셀루', '페를랑 멘디', '카푸', '루드 굴리트', '파블로 마리']"
1025,유수프 사발리,"['A. 데이비스', '가레스 베일', '루드 굴리트', '대니 로즈']"
1026,유수프 포울센,"['손흥민', '프랭크 램파드', '가레스 베일', '케빈 폴란트', '호나우두']"
1027,윤보상,"['홍철', '심상민']"
1028,윤빛가람,['조광래']
1029,윤석영,"['현영민', '유리 베르치체']"
1030,윤영선,"['야프 스탐', '이정수', '김영권', '파올로 말디니']"
1031,윤일록,"['A. 고메스', '파올로 말디니']"
1032,윤정환,"['고종수', '송종국', '서정원', '네이마르 Jr.']"
1033,율리안 브란트,"['리오넬 메시', '킬리안 음바페', '네이마르 Jr.', '무사 뎀벨레']"
1034,은골로 캉테,"['마르셀루', '루드 굴리트', 'P. 비에이라', '에마뉘엘 프티']"
1035,이강인,"['가레스 베일', '에덴 아자르', '네이마르 Jr.', 'A. 발렌시아']"
1036,이광선,"['J. 마스체라노', '구보 다케후사', '나가토모 유토']"
1037,이광연,['손흥민']
1038,이근호,"['호나우두', '박주영', '리오넬 메시', '티에리 앙리']"
1039,이냐키 윌리암스,"['닉 포프', 'S. 루디', '리스 넬슨', '레프 야신', '제르단 샤키리']"
1040,이니고 마르티네스,"['V. 린델뢰프', '조지 베스트', 'R. 프레이저']"
1041,이니에스타,"['네이마르 Jr.', '루카 모드리치', '시오 월콧', '리오넬 메시']"
1042,이동경,['곽태휘']
1043,이동국,"['설기현', '이천수', '조지 베스트', '데얀']"
1044,이동준,['리오넬 메시']
1045,이드리사 게예,"['호베르투 피르미누', '은골로 캉테', '카일 워커', '에데르']"
1046,이르빙 로사노,"['A. 셰브첸코', '케빈 가메이로', 'P. 비에이라']"
1047,이민성,"['D. 트레제게', '김신욱', '말컹', '라마단 소비']"
1048,이반 라키티치,"['레온 고레츠카', '가레스 베일', '루드 굴리트', '에마뉘엘 프티']"
1049,이반 페리시치,"['은골로 캉테', '손흥민', '얀 베르통언', '가레스 베일', '루드 굴리트']"
1050,이병근,['D. 트레제게']
1051,이사 디오프,['라파엘 바란']
1052,이상윤,"['고정운', '손흥민', '에덴 아자르', '가레스 배리']"
1053,이상헌,"['이정수', '홍명보', '파올로 말디니', '김태영']"
1054,이스마일리,"['C. 브라보', 'M. 테어슈테겐']"
1055,이스코,"['리오넬 메시', '루카 모드리치', '가레스 베일', '리스 넬슨']"
1056,이승모,"['케빈 포크트', '게리 네빌', '이시영', 'P. 비에이라', '장현수']"
1057,이승우,"['D. 마라도나', '리오넬 메시', '김민우', '손흥민']"
1058,이시영,"['홍철', '고요한', '로멜루 루카쿠', '카일 워커']"
1059,이아고 아스파스,"['라파엘 바란', 'D. 스터리지', 'D. 마라도나', '리오넬 메시', '파올로 말디니']"
1060,이야라멘디,"['에덴 아자르', '카림 벤제마', '시오 월콧', '야야 사노고', '알마미 투레']"
1061,이언 라이트,"['로비 파울러', '라울', '킬리안 음바페', '리오넬 메시']"
1062,이언 러시,"['이언 라이트', '라울', '이반 라키티치', '티에리 앙리']"
1063,이영재,"['박지성', '유상철']"
1064,이영표,"['홍철', '차두리', '리오넬 메시', '김태영']"
1065,이용,"['이영표', '차두리', '홍철', '카일 워커', '송종국']"
1066,이우통,"['단테', '나우두', '제프리 브뤼마', '다비드 알라바', '하네스 볼프']"
1067,이운재,"['조재진', '조현우', '레프 야신', '티에리 앙리']"
1068,이을용,"['아르투로 비달', '피케', '박종우', '폴 스콜스']"
1069,이임생,"['이영표', '손흥민', '데얀', '이청용']"
1070,이재성,"['기성용', '사울', '김도근', '김민우']"
1071,이재익,"['H. 크레스포', 'P. 비에이라', '미하엘 발락', '오세훈', '루드 굴리트']"
1072,이정수,"['P. 비에이라', '세르히오 라모스', '홍명보', '파올로 말디니']"
1073,이정협,['로스 바클리']
1074,이종호,"['홍정호', '권경원', 'P. 오바메양', '최진철', '김민재']"
1075,이지솔,"['커트 주마', '김태환', '마르셀루', '최준']"
1076,이진현,"['도안 리쓰', '김준형', '에마뉘엘 프티']"
1077,이창민,"['마이클 캐릭', '에딘 제코', 'P. 비에이라', '에드가', '포르투']"
1078,이천수,"['네이마르 Jr.', '에덴 아자르', '리오넬 메시', '손흥민']"
1079,이청용,"['구자철', '유리 베르치체', 'C. 벤테케', '손흥민']"
1080,이태희,['홍철']
1081,일카이 귄도안,"['다비드 루이스', '다비드 실바', '페르난지뉴', '도안 리쓰']"
1082,임상협,['박용우']
1083,임선영,['리오 퍼디난드']
1084,자말 러셀스,"['뤼카 디뉴', '제롬 보아텡', '니클라스 쥘레', 'P. 오바메양', '루드 굴리트']"
1085,자우메 코스타,"['페를랑 멘디', '카림 벤제마', '로렌', '홍철', '케빈 말키']"
1086,잔드로 바그너,['마르코 로이스']
1087,잔루이지 부폰,"['W. 슈체스니', '에덴 아자르', '리스 넬슨', '데헤아']"
1088,잔루카 만치니,"['제롬 보아텡', '아르만도 이초']"
1089,잔프랑코 졸라,"['프랭크 램파드', '에덴 아자르', '리오넬 메시', 'A. 델피에로']"
1090,장 보세주르,['마리오 괴체']
1091,장대일,"['안정환', '차두리', '이상헌', '김태영']"
1092,장윤호,"['기성용', '황의조', '에마뉘엘 프티']"
1093,장현수,"['라파엘 바란', '세르히오 라모스', '김영권', '김민재']"
1094,잭 로드웰,"['미하엘 발락', '루드 굴리트', 'P. 비에이라', '에마뉘엘 프티']"
1095,잭 버틀런드,"['L. 마테우스', '아르투로 비달']"
1096,잭 윌셔,"['후안 마타', '나빌 벤탈렙', '루드 굴리트', '프레드']"
1097,저메인 데포,"['O. 마틴스', '해리 케인']"
1098,저메인 렌스,['피케']
1099,정경호,"['이정수', '고정운', '김도근', '차범근']"
1100,정우영,"['기성용', '파울리뉴', '루드 굴리트', '마이클 오언']"
1101,정운,"['폴 포그바', '루드 굴리트']"
1102,정태욱,"['김민재', 'P. 비에이라', '루드 굴리트', '파올로 말디니']"
1103,정현철,['윌리앙 주제']
1104,제라르 모레노,"['랜던 도노번', '프랑크 리베리', '가레스 베일', '네이마르 Jr.', '마르코 로이스']"
1105,제레미 마티외,"['헤수스 코로나', '네이마르 Jr.']"
1106,제롬 보아텡,"['라파엘 바란', '리오 퍼디난드', '파올로 말디니', '솔 캠벨']"
1107,제르단 샤키리,"['D. 마라도나', '호베르투 피르미누', '리오넬 메시', '모하메드 살라']"
1108,제르비뉴,"['누리 샤힌', '도안 리쓰', '에마뉘엘 프티', '악셀 비첼', '마르셀루']"
1109,제르송,"['다비드 루이스', '루드 굴리트', 'P. 비에이라', '에마뉘엘 프티']"
1110,제시 린가드,"['리오 퍼디난드', 'L. 마테우스', '니코 슐츠', '디에고 콘텐토', '루드 굴리트']"
1111,제이든 산초,"['네이마르 Jr.', '리오넬 메시', '킬리안 음바페', '리스 넬슨']"
1112,제이미 바디,"['웨인 루니', '해리 케인', '킬리안 음바페', '리오넬 메시']"
1113,제이미 캐러거,"['커트 주마', '디아프라 사코', '조엘 마티프', 'A. 고메스', '파비뉴']"
1114,제이손 무리요,"['팔카오', '포르투']"
1115,제임스 매디슨,"['모하메드 살라', '라힘 스털링', '제이미 바디', '이니에스타']"
1116,제임스 밀너,"['루카 모드리치', '루드 굴리트', 'P. 비에이라', '에마뉘엘 프티']"
1117,제프 헨드릭,['호아킨']
1118,제프리 브뤼마,"['라파엘 바란', 'F. 칸나바로', '파올로 말디니', '네이선 아케']"
1119,젠기즈 윈데르,"['다비드 실바', '루이스 피구', '리오넬 메시', '손흥민']"
1120,젠나로 가투소,"['P. 비에이라', '루드 굴리트', '로멜루 루카쿠', '에마뉘엘 프티']"
1121,젠크 토순,['웨인 루니']
1122,젤송 마르팅스,"['홍철', '크리스티아누 호날두', '라힘 스털링']"
1123,조 고메스,"['리오 퍼디난드', '조엘 마티프', '라파엘 바란', 'A. 고메스', '파비뉴']"
1124,조 하트,"['닉 포프', 'B. 라우드루프', '티보 쿠르투아', '에데르']"
1125,조광래,"['최영준', '박종우']"
1126,조나스,"['손흥민', '차두리', '홍철', '네이마르 Jr.', '카일 워커']"
1127,조나스 마르탕,['루드 굴리트']
1128,조나탄 비에라,"['사울', '산티 미나', 'J. 드락슬러', '페르난도 토레스']"
1129,조나탕,"['L. 마테우스', 'H. 크레스포', '호베르투 피르미누', '호나우두']"
1130,조나탕 밤바,"['에덴 아자르', '리오넬 메시', '킬리안 음바페', '페르난도 토레스']"
1131,조나탕 이코네,"['산티 미나', '무사 뎀벨레', '위삼 벤예데르', '루드 굴리트', '아루나 코네']"
1132,조니,"['게리 네빌', 'H. 크레스포', '카일 워커', 'A. 발렌시아']"
1133,조니 에번스,['산티 미나']
1134,조던 아이브,['조던 모리스']
1135,조던 픽포드,"['카시야스', '케파', '은골로 캉테', '케일러 나바스']"
1136,조던 헨더슨,"['파비뉴', 'F. 페레이라', '카일 워커', 'A. 발렌시아']"
1137,조르디 알바,"['홍철', '리오넬 메시', '알바로']"
1138,조르지뉴,"['박지성', 'P. 비에이라', '은골로 캉테', '루드 굴리트']"
1139,조바니 로셀소,"['헤수스 코로나', '가레스 베일', '에릭 다이어', '리오넬 메시', '티아고']"
1140,조슈아 킹,"['라파엘 바란', 'C. 발데라마', '루드 굴리트', '호나우두']"
1141,조엘 마티프,"['파비뉴', '잔루이지 부폰', '디아프라 사코', '라파엘 바란']"
1142,조엘 워드,"['윌프리드 자하', '웨인 헤네시', 'A. 발렌시아', '막스 마이어', '데헤아']"
1143,조엘 캠벨,"['윌리앙 주제', '가레스 베일', '니콜라 페페']"
1144,조영욱,"['라파엘 바란', '잔프랑코 졸라', '김신욱', '오세훈', '올리비에 지루']"
1145,조유민,['루드 굴리트']
1146,조재완,['유상철']
1147,조재진,"['H. 크레스포', '김신욱', '손흥민', 'R. 푸네스 모리']"
1148,조주에 시아물레라,['카시야스']
1149,조지 베스트,"['리오넬 메시', '네이마르 Jr.', '로멜루 루카쿠']"
1150,조지 알티도어,"['니콜라 은쿨루', '파비뉴', '로멜루 루카쿠', '카를로스 바카']"
1151,조현우,"['서동명', '데헤아', '티보 쿠르투아', '김승규']"
1152,존 브룩스,['시오 월콧']
1153,존 스톤스,"['라파엘 바란', 'P. 비에이라', '파올로 말디니', '페를랑 멘디']"
1154,존 오셰이,"['에릭 바이', '로랑 블랑', '솔 캠벨', '루드 굴리트', '파올로 말디니']"
1155,존조 셸비,"['잭 윌셔', '기성용', '에릭 다이어', '루드 굴리트']"
1156,졸리언 레스콧,"['라파엘 바란', '뱅상 콤파니', '파올로 말디니', '에마뉘엘 프티']"
1157,주니오,"['홍철', '리언 발로군', '말컹', '로멜루 루카쿠']"
1158,주세종,"['로만 뷔어키', '기성용', '박지성', '루드 굴리트', '이재성']"
1159,주앙 마리우,"['H. 크레스포', '루이스 피구', 'P. 오바메양', '알레샨드리 파투', '리오넬 메시']"
1160,주앙 무티뉴,"['티아구 실바', '케파', '레온 고레츠카', '다비드 실바', '파올로 말디니']"
1161,주앙 제주스,"['세르히오 라모스', 'F. 칸나바로']"
1162,주앙 칸셀루,"['폴 포그바', '샤비 토레스', '루드 굴리트', '카일 워커']"
1163,주앙 펠릭스,"['에우제비우', '킬리안 음바페', '네이마르 Jr.', '손흥민']"
1164,주이아누 메스트리스,"['A. 발렌시아', '차두리', '넬송 세메두', '카일 워커', '조르디 알바']"
1165,쥘 쿤데,"['로만 뷔어키', 'J. 데이비드', '킬리안 음바페', '주앙 펠릭스', 'M. 더리흐트']"
1166,지네딘 지단,"['요한 크루이프', '에우제비우', '루드 굴리트', 'P. 비에이라']"
1167,지동원,"['구자철', '김신욱', '루카스 모라', '파올로 말디니']"
1168,지브릴 시디베,"['페를랑 멘디', 'A. 발렌시아', '에마뉘엘 프티', '가브리엘', '카일 워커']"
1169,지오구 달로,"['I. 상가레', '에마뉘엘 프티', 'P. 비에이라', '미하엘 발락', '루드 굴리트']"
1170,지오바니 시오,"['라이언 긱스', '염기훈']"
1171,진경선,"['제롬 보아텡', '솔 캠벨']"
1172,차두리,"['카일 워커', '카푸', '루드 굴리트', '파올로 말디니']"
1173,차범근,"['손흥민', '티에리 앙리', '루드 굴리트', '호나우두']"
1174,최성용,"['송종국', '이영표', '차두리']"
1175,최순호,"['H. 크레스포', '최용수', 'S. 아구에로', 'M. 반바스텐', '김신욱']"
1176,최영일,['F. 칸나바로']
1177,최용수,"['김도훈', '루카 모드리치', '해리 케인', '손흥민']"
1178,최은성,"['김영광', '이운재', '레프 야신', '파올로 말디니']"
1179,최진철,"['이정수', '세르히오 라모스', '홍명보', '파올로 말디니']"
1180,최철순,"['김태환', '루카 모드리치', '차두리', '은골로 캉테']"
1181,최태욱,"['홍철', '손흥민', '차두리', '하석주']"
1182,치로 임모빌레,"['C. 비에리', '크리스티아누 호날두', 'M. 발로텔리', '티에리 앙리']"
1183,치아구 멘지스,"['은골로 캉테', '에마뉘엘 프티', '파울리뉴', '페르난지뉴', '파비뉴']"
1184,치차리토,"['콰조 아사모아', '웨인 루니', '알마미 투레', '에딘 제코']"
1185,카날레스,"['코너 코디', '조엘 마티프', '네이선 아케', '데클런 라이스']"
1186,카라 음보지,['주앙 마리우']
1187,카르바할,"['홍철', '다비드 알라바', '가레스 베일', '조르디 알바', '마르셀루']"
1188,카를로스 바카,"['크리스티아누 호날두', '팔카오', '리오넬 메시']"
1189,카를로스 페르난데스,['홍철']
1190,카림 벤제마,"['크리스티아누 호날두', '라울', '티에리 앙리', '호나우두']"
1191,카림 벨라라비,['파비뉴']
1192,카스퍼 돌베르,"['S. 아구에로', 'M. 발로텔리', '크리스티아누 호날두', 'H. 크레스포']"
1193,카시야스,"['크리스티아누 호날두', '리오넬 메시', '티보 쿠르투아', '데헤아']"
1194,카이 하베르츠,"['테오', '홍철', '알렉스 산드루', '루드 굴리트']"
1195,카일 래퍼티,['유라이 쿠츠카']
1196,카일 워커,"['주앙 칸셀루', '홍철', 'A. 발렌시아']"
1197,카제미루,"['P. 비에이라', '에마뉘엘 프티', '사미 케디라', '루카 모드리치', '파비뉴']"
1198,카푸,"['다니엘 바스', '차두리', '파올로 말디니', '카일 워커']"
1199,칸 아이한,"['알반 라퐁', '리스 넬슨', '페를랑 멘디', 'A. 아레올라', '티보 쿠르투아']"
1200,칼럼 체임버스,"['소크라티스', '카일 워커', '솔 캠벨']"
1201,캄파냐,"['뤼카 디뉴', '라파엘 바란', '홍철', '알렉스 산드루', '파올로 말디니']"
1202,캘빈 스텡스,"['브릴 엠볼로', '로멜루 루카쿠']"
1203,커트 주마,"['라파엘 바란', '루카 모드리치', 'R. 푸네스 모리']"
1204,케니 랄라,"['토마스 뮐러', '라힘 스털링', '다비드 실바', '리로이 자네', '마르코 로이스']"
1205,케니 테테,"['헤수스 코로나', '가레스 베일']"
1206,케빈 가메이로,"['에덴 아자르', '크리스티아누 호날두', '펠레', '알레샨드리 파투', '호나우두']"
1207,케빈 미랄라스,['무사 시소코']
1208,케빈 음바부,"['홍철', '가레스 베일', '조지 베스트', '카일 워커']"
1209,케빈 캄플,"['박지성', '은골로 캉테', '루드 굴리트', '티에리 앙리']"
1210,케빈 트라프,"['L. 보누치', '디에고 고딘', 'P. 비에이라', '솔 캠벨', 'F. 칸나바로']"
1211,케빈 포크트,"['홍철', '더글라스 코스타', '카일 워커']"
1212,케빈 폴란트,"['토마스 뮐러', '웨인 루니', '카이 하베르츠', 'S. 아구에로']"
1213,케이타 발데,"['펠레', '킬리안 음바페', '나비 케이타', '손흥민']"
1214,케일러 나바스,"['카시야스', 'H. 크레스포', '크리스티아누 호날두', '데헤아']"
1215,케파,"['조던 헨더슨', '파비뉴', '리오넬 메시']"
1216,켈빈 아미안,"['P. 비에이라', '로이 킨', '후안프란', '루드 굴리트', '파올로 말디니']"
1217,코랑탕 톨리소,"['아르투로 비달', '폴 포그바', '루드 굴리트', 'P. 비에이라']"
1218,코케,"['세스크 파브레가스', '파벨 네드베드', '메수트 외질', '이반 라키티치']"
1219,콘라트 라이머,['디에고 데메']
1220,콰조 아사모아,"['아르투로 비달', '제임스 밀너', '은골로 캉테', '파올로 말디니']"
1221,쿠아레즈마,"['가레스 베일', 'H. 크레스포', '루이스 피구', '로멜루 루카쿠']"
1222,쿠티뉴,"['네이마르 Jr.', '펠레', '에덴 아자르', '리오넬 메시']"
1223,쿤 카스테일스,"['헐크', '네이마르 Jr.', '히샤를리송', '쿠티뉴', '호나우두']"
1224,퀸시 프로머스,"['에덴 아자르', '리오넬 메시', '제이미 바디', '손흥민']"
1225,크레팡 디아타,"['에덴 아자르', '페드로', '메이슨 마운트', '제임스 매디슨', '윌리안']"
1226,크리스 스몰링,"['에릭 바이', '야프 스탐', '로랑 블랑', 'F. 레이카르트', 'A. 뤼디거']"
1227,크리스티아누 호날두,"['네이마르 Jr.', '티에리 앙리', '리오넬 메시', '호나우두']"
1228,크리스티안 리베라,"['킬리안 음바페', '페드로 포로']"
1229,크리스티안 테요,"['케이타 발데', '고란 판데프', '주앙 마리우']"
1230,클레망 랑글레,"['C. 푸욜', '피케', '파올로 말디니', 'R. 푸네스 모리']"
1231,키어런 티어니,"['박지성', '헤낭 로지', '루드 굴리트', '애슐리 콜']"
1232,킬리안 음바페,"['리오넬 메시', '크리스티아누 호날두', '네이마르 Jr.', '티에리 앙리']"
1233,킹슬레 코망,"['리로이 자네', '킬리안 음바페', '프랑크 리베리', '무사 뎀벨레']"
1234,타이손,"['라파엘 바란', 'P. 킴펨베', '다비드 실바', '사뮈엘 움티티', '파올로 말디니']"
1235,타일러 애덤스,"['가레스 베일', '킬리안 음바페', '지오구 달로', 'A. 발렌시아']"
1236,탕기 은돔벨레,"['무사 시소코', 'P. 비에이라', '아르투로 비달', '에릭 다이어', '루드 굴리트']"
1237,테디 셰링엄,"['O. 솔샤르', 'A. 고메스', '해리 케인', '웨인 루니']"
1238,테오,"['F. 칸나바로', '페를랑 멘디', '파올로 말디니', '가레스 베일']"
1239,테이 사바니에,"['S. 아구에로', '티모 베르너', 'P. 오바메양', '다니엘 바스', '루드 굴리트']"
1240,토니 빌레나,"['예트로 빌럼스', 'P. 비에이라', '에마뉘엘 프티', '라자 나잉골란', '루드 굴리트']"
1241,토니 애덤스,"['타일러 애덤스', '야프 스탐', '아담 마헤르', '토니 빌레나', '파올로 말디니']"
1242,토니 크로스,"['P. 비에이라', '토니 빌레나', '미하엘 발락', '루카 모드리치', '루드 굴리트']"
1243,토르간 아자르,"['에덴 아자르', '아리언 로번', '네이마르 Jr.', '마리오 괴체', '제이든 산초']"
1244,토마 르마르,"['케빈 트라프', '펠레', '네이마르 Jr.', '킬리안 음바페']"
1245,토마 뫼니에,"['P. 비에이라', '에마뉘엘 프티', '레온 고레츠카', '폴 포그바', '루드 굴리트']"
1246,토마스 링콘,"['나니', '에딘 제코']"
1247,토마스 뮐러,"['해리 케인', '루드 굴리트', 'H. 크레스포', '티에리 앙리']"
1248,토마스 파티,"['이반 라키티치', '파울리뉴', '로스 바클리', '라자 나잉골란', '루드 굴리트']"
1249,토마시 네치트,['얀 콜러']
1250,토제,"['레온 고레츠카', '마르코 베라티', '네이마르 Jr.', '산티 미나']"
1251,톰 데이비스,"['루드 굴리트', '에마뉘엘 프티']"
1252,톰 히턴,['네마냐 마티치']
1253,트로이 디니,"['리오 퍼디난드', '제롬 보아텡', 'P. 레초스', '소크라티스', '파올로 말디니']"
1254,티머시 웨아,['루드 굴리트']
1255,티모 베르너,"['토마스 뮐러', '리로이 자네', 'P. 오바메양', '페르난도 토레스']"
1256,티모 호른,"['티모 베르너', '테오', '마르셀루', '페를랑 멘디']"
1257,티미 챈들러,"['라힘 스털링', 'P. 비에이라', '매튜 레키', '카일 워커', '파올로 말디니']"
1258,티보 쿠르투아,"['에데르', '케일러 나바스', 'A. 베고비치', '데헤아']"
1259,티아고,"['루카 모드리치', '루드 굴리트', '샤비 토레스', '미하엘 발락']"
1260,티아구 실바,"['라파엘 바란', '다비드 실바', '파올로 말디니', '세르히오 라모스', 'F. 칸나바로']"
1261,티아구 일로리,['C. 아자퐁']
1262,티에리 앙리,"['크리스티아누 호날두', '해리 케인', '네이마르 Jr.', '호나우두']"
1263,파레호,"['마르코스 알론소', 'A. 발렌시아', '토니 빌레나', '루카 모드리치', '루드 굴리트']"
1264,파벨 네드베드,"['네이마르 Jr.', '루드 굴리트', 'P. 비에이라', '에마뉘엘 프티']"
1265,파블로 마페오,['맷 리치']
1266,파블로 사라비아,"['레온 고레츠카', '홍철', '네이마르 Jr.', '알렉스 산드루', '루드 굴리트']"
1267,파블로 포르날스,"['라파엘 바란', '크리스티아누 호날두', '후안프란', '세르히오 라모스', 'F. 칸나바로']"
1268,파블로 피아티,"['리오넬 메시', '마리오 가스파르', 'A. 발렌시아']"
1269,파비뉴,"['사미 케디라', '파올로 말디니', 'P. 비에이라', '에마뉘엘 프티']"
1270,파비안,"['사울', '코케', '레온 고레츠카', '조지 베스트', '루드 굴리트']"
1271,파비안 벤코,"['닉 포프', '가레스 베일', 'I. 사르']"
1272,파비안 셰어,"['아리언 로번', '킬리안 음바페', '후벵 디아스', '네이마르 Jr.', '비니시우스 주니어']"
1273,파비오 보리니,['A. 델피에로']
1274,파비우,"['하파엘', '네이마르 Jr.', '킬리안 음바페', '리오넬 메시']"
1275,파비우 코엔트랑,"['마르셀루', '리오넬 메시', '유리 베르치체']"
1276,파올로 말디니,"['이정수', '라파엘 바란', '세르히오 라모스', 'P. 비에이라']"
1277,파우 로페스,"['에딘 제코', '니코 슐츠', '조던 모리스', '해리 케인', '알렉스 산드루']"
1278,파우지 굴람,"['마르코스 로호', '마츠 후멜스', '라파엘 바란', '니코 슐츠', '파올로 말디니']"
1279,파울로 디발라,"['에덴 아자르', '크리스티아누 호날두', '네이마르 Jr.', '리오넬 메시', '루드 굴리트']"
1280,파울루 푸트리,"['에덴 아자르', '네이마르 Jr.', 'D. 마라도나', '리오넬 메시', '티에리 앙리']"
1281,파울리뉴,"['아르투로 비달', 'O. 솔샤르', '웨인 루니', '에마뉘엘 프티']"
1282,파체코,"['S. 아구에로', '크리스티아누 호날두', 'M. 발로텔리', '라울', '티에리 앙리']"
1283,파코 알카세르,"['에데르', 'L. 마테우스', '데헤아', 'A. 베고비치', '폴 포그바']"
1284,팔렌티노 뮐러,['다비드 비야']
1285,팔카오,"['S. 아구에로', 'L. 수아레스', 'H. 크레스포', '웨인 루니']"
1286,페드로,"['모하메드 살라', '에덴 아자르', '리오넬 메시', '윌리안']"
1287,페드로 오비앙,"['P. 비에이라', '에릭 바이', '페드로', '존 오비 미켈', 'J. 마스체라노']"
1288,페드로 포로,"['라파엘 바란', '소크라티스', '다비드 루이스', 'P. 비에이라']"
1289,페란 토레스,"['C. 푸욜', '라파엘 바란', '맥스 에런스', '루드 굴리트', 'F. 칸나바로']"
1290,페르난도 가고,"['루카 모드리치', '루드 굴리트', '로랑 블랑']"
1291,페르난도 모리엔테스,"['페르난도 토레스', '해리 케인', '루드 굴리트', 'R. 푸네스 모리', '곤살로 이과인']"
1292,페르난도 이에로,"['니콜라 페페', 'P. 비에이라', '라파엘 바란', '세르히오 라모스', '파올로 말디니']"
1293,페르난도 토레스,"['S. 아구에로', '스티븐 제라드', '호나우두', '티에리 앙리']"
1294,페르난두,['뱅상 콤파니']
1295,페르난지뉴,"['에마뉘엘 프티', '카를로스 바카', 'P. 비에이라', '미하엘 발락']"
1296,페를랑 멘디,"['은골로 캉테', '리오넬 메시', '시오 월콧', '마르셀루']"
1297,페시치,"['박지수', '홍정호', '곽광선', '김민재', '강민수']"
1298,페이비언 델프,"['다닐루', '페를랑 멘디', '파올로 말디니', '카일 워커']"
1299,페이비언 존슨,"['A. 발렌시아', '차두리', '홍철', '카일 워커', '브루누 알베스']"
1300,페터 슈마이켈,"['P. 비에이라', 'K. 슈마이켈', '에마뉘엘 프티', '데헤아', '티보 쿠르투아']"
1301,페테르 굴라치,"['윌프리드 자하', '에우제비우', '네이마르 Jr.', '사뮈엘 움티티', '리오넬 메시']"
1302,페트르 체흐,"['베른트 레노', '케파', '티보 쿠르투아', '데헤아']"
1303,페페,"['은골로 캉테', '니콜라 페페', '라파엘 바란', '세르히오 라모스', '파올로 말디니']"
1304,페페 레이나,"['아르투로 비달', '안드레아 폴리', '루드 굴리트', '니콜라 페페']"
1305,펠레,"['리오넬 메시', 'D. 마라도나', '네이마르 Jr.', '루드 굴리트']"
1306,펠리피,"['디에고 고딘', '루이스 펠리피', '루드 굴리트', '포르투', '호나우두']"
1307,펠리피 안데르송,"['은골로 캉테', 'P. 비에이라', '에마뉘엘 프티', '레온 고레츠카', '라자 나잉골란']"
1308,폴 디코프,"['리오넬 메시', '마이클 오언', '호나우두']"
1309,폴 리롤라,"['테오', '주앙 칸셀루', '라파엘 바란', '가브리엘', '카일 워커']"
1310,폴 스콜스,"['폴 포그바', 'M. 클로제', '소크라테스', '루드 굴리트']"
1311,폴 아리올라,['닉 포프']
1312,폴 포그바,"['에마뉘엘 프티', '루드 굴리트', 'P. 비에이라', '미하엘 발락']"
1313,프란 메리다,"['리스 넬슨', '페를랑 멘디', '홍철', '조르디 알바', '알렉스 산드루']"
1314,프랑코 디산토,"['브릴 엠볼로', 'H. 크레스포', '카스퍼 돌베르', '피터 크라우치', '라울']"
1315,프랑코 바레시,"['F. 칸나바로', '야프 스탐', 'A. 네스타', 'F. 레이카르트', '파올로 말디니']"
1316,프랑코 세르비,['리언 발로군']
1317,프랑크 더부르,"['보비 무어', '디에고 고딘', '도안 리쓰', '로랑 블랑', '베론']"
1318,프랑크 리베리,"['리오넬 메시', 'D. 마라도나', '에덴 아자르', '네이마르 Jr.']"
1319,프랭크 램파드,"['스티븐 제라드', '에마뉘엘 프티', '루드 굴리트', '미하엘 발락']"
1320,프레드,"['폴 포그바', '에마뉘엘 프티', '은골로 캉테', '호나우두']"
1321,프레디 과린,"['P. 비에이라', '루드 굴리트', '포르투', '에마뉘엘 프티']"
1322,프레디 융베리,"['C. 피사로', 'A. 산체스', '오카자키 신지', '시오 월콧', '제이미 바디']"
1323,프렝키 더용,"['세르지오 부스케츠', '아르투로 비달', '나이젤 더용', '루카 모드리치', '루드 굴리트']"
1324,플로리앙 토뱅,"['에딘손 카바니', '가레스 베일', '킬리안 음바페', '리오넬 메시']"
1325,피지,"['코케', '레온 고레츠카', '세스크 파브레가스', '네이마르 Jr.', '루드 굴리트']"
1326,피카요 토모리,"['커트 주마', '라파엘 바란', '마르셀 드사이', '파올로 말디니', 'R. 푸네스 모리']"
1327,피케,"['C. 푸욜', '세르히오 라모스', '파올로 말디니', '로랑 블랑']"
1328,피터 크라우치,"['로만 뷔어키', '루카스 모라', '얀 콜러', '마이클 오언']"
1329,필 자기엘카,['에덴 아자르']
1330,필 존스,"['야프 스탐', '모야', '제롬 보아텡', 'A. 발렌시아']"
1331,필 포든,['졸리언 레스콧']
1332,필리포 인자기,"['크리스티아누 호날두', 'H. 크레스포', '알레샨드리 파투', 'A. 델피에로']"
1333,필리피 루이스,"['다비드 루이스', '도안 리쓰', '후안프란', '케빈 트라프', '팔카오']"
1334,하미레스,"['루드 굴리트', '은골로 캉테', 'P. 비에이라', '에마뉘엘 프티']"
1335,하비 가르시아,['피케']
1336,하비 로페스,"['커트 주마', '다비드 루이스', '라파엘 바란', 'P. 비에이라']"
1337,하비 마르티네스,"['제롬 보아텡', 'P. 비에이라', '세르지오 부스케츠', '로랑 블랑', '하비 가르시아']"
1338,하비 반스,"['크리스티아누 호날두', '엠레 잔', '윌리앙 주제', 'P. 레초스', '루드 굴리트']"
1339,하석주,"['리오넬 메시', '홍철', '루드 굴리트', '이영표']"
1340,하세베 마코토,"['이영표', '가가와 신지', '홍철', '조르디 알바', '호르디 마시프']"
1341,하울,"['하미레스', 'P. 비에이라', '에마뉘엘 프티', '스티븐 제라드', '무사 뎀벨레']"
1342,하칸 찰하놀루,['티모 베르너']
1343,하킴 지예시,"['피케', 'P. 킴펨베', '사뮈엘 움티티', '파블로 마리', '호나우두']"
1344,하파,"['잔루이지 부폰', '루이스 피구', '마티아 페린', '리스 넬슨', '펠레']"
1345,하파엘,"['파비우', '루크 쇼', '알렉스 메레트', 'A. 발렌시아']"
1346,하파엘 레앙,"['퀸시 프로머스', '잔프랑코 졸라', '루드 굴리트']"
1347,하파엘 톨로이,"['잔루이지 부폰', '잔프랑코 졸라', 'A. 아레올라', '티보 쿠르투아']"
1348,하파엘리투 안주스,"['에덴 아자르', '산티 미나', 'A. 산체스']"
1349,하피냐,"['에릭 바이', '해리 윙크스', '윌리앙 주제', '파비뉴', '파올로 말디니']"
1350,한스 바나컨,"['데니스 수아레스', 'L. 수아레스', '리오넬 메시']"
1351,한스 하테부르,"['아단', '티보 쿠르투아']"
1352,해리 매과이어,"['리스 넬슨', '페드로', '케일러 나바스', '루드 굴리트', '윌리안']"
1353,해리 윙크스,['올리비에 지루']
1354,해리 케인,"['크리스티아누 호날두', '호나우두', '루드 굴리트', '티에리 앙리']"
1355,허정무,"['은골로 캉테', '김남일', 'L. 마테우스', '지네딘 지단', '루드 굴리트']"
1356,헐크,"['S. 아구에로', '가레스 베일', '리오넬 메시', '호나우두']"
1357,헤나투 산시스,"['파벨 네드베드', 'P. 비에이라', '에마뉘엘 프티', 'L. 마테우스', '루드 굴리트']"
1358,헤나투 아우구스투,"['로스 바클리', '지네딘 지단', '티보 쿠르투아', '페트르 체흐', '가야']"
1359,헤낭 로지,"['조르디 알바', '마르셀루', '주앙 펠릭스']"
1360,헤로니모 룰리,"['커트 주마', '마르코스 요렌테', '로베르토 바조', '카를로스 바카', '마누 바예호']"
1361,헤르만 페첼라,"['후안 마타', '네이마르 Jr.']"
1362,헤세,['마르코스 요렌테']
1363,헤수스 나바스,"['라힘 스털링', '루이스 피구', '호아킨', '케일러 나바스', '페드로 포로']"
1364,헤수스 코로나,['포르투']
1365,헨릭 라르손,"['라힘 스털링', 'S. 아구에로', '저메인 데포', '루드 굴리트', '티에리 앙리']"
1366,현영민,"['홍철', '루크 쇼', '신홍기', '김태영']"
1367,호나우두,"['크리스티아누 호날두', '해리 케인', '루드 굴리트', '티에리 앙리']"
1368,호나우지뉴,"['네이마르 Jr.', '리오넬 메시', '펠레', '루드 굴리트']"
1369,호니 로페스,['디에고 데메']
1370,호드리구,"['에덴 아자르', '레길론', '다니엘 바스', '마르셀루', '브루누 알베스']"
1371,호르디 마시프,"['은골로 캉테', 'P. 비에이라', '에마뉘엘 프티', '레온 고레츠카', '폴 포그바']"
1372,호르헤 메레,"['윌리앙 주제', '네이마르 Jr.', '시모네 차차', '리오넬 메시', '루드 굴리트']"
1373,호르헤 몰리나,['A. 발렌시아']
1374,호베르투 카를루스,"['은골로 캉테', 'P. 비에이라', '에마뉘엘 프티', '홍철', '카를로스 바카']"
1375,호베르투 피르미누,"['사디오 마네', 'M. 발로텔리', '모하메드 살라', '산티 미나']"
1376,호세 소사,"['레온 고레츠카', '도안 리쓰', '루드 굴리트']"
1377,호스베르투 도라두,"['로리 베레타', '호나우두']"
1378,호아킨,"['라이언 긱스', '조지 베스트', '루이스 피구']"
1379,호아킨 코레아,"['H. 크레스포', '치로 임모빌레', '미셸 보름', '폴 포그바', '앙헬 코레아']"
1380,홀란두,['손흥민']
1381,홍명보,"['이정수', 'P. 비에이라', '파올로 말디니', '에마뉘엘 프티']"
1382,홍정호,"['김민재', '안드레아 폴리', '김영권', '파올로 말디니']"
1383,홍철,"['조르디 알바', '알렉스 산드루', '카일 워커', '로멜루 루카쿠']"
1384,황선홍,"['안정환', '최용수', '차범근', '얀 콜러']"
1385,황순민,['이정협']
1386,황의조,"['페르난도 토레스', 'H. 크레스포', '호나우두', '손흥민']"
1387,황인범,"['구자철', '폴 스콜스', '이청용', '정승원', '이승우']"
1388,황지수,"['가레스 베일', '고무열', '염기훈', '손흥민']"
1389,황현수,['장현수']
1390,황희찬,"['은골로 캉테', '페르난도 토레스', 'S. 아구에로', '황의조', '마르코 로이스']"
1391,후벵 네베스,['리오넬 메시']
1392,후벵 디아스,"['랜던 도노번', '아루나 코네']"
1393,후벵 비나그르,['피케']
1394,후셈 아우아르,"['테오', '페를랑 멘디', '폴 포그바', '루카 모드리치', '알렉스 산드루']"
1395,후안 마타,"['가레스 베일', '루이스 피구', '리오넬 메시']"
1396,후안 베르나트,"['뤼카 디뉴', '조르디 알바', '다비드 알라바']"
1397,후안 콰드라도,"['닉 포프', '알반 라퐁', '리스 넬슨', 'A. 아레올라', '티보 쿠르투아']"
1398,후안프란,"['조르디 알바', '에덴 아자르', '네이마르 Jr.', '파올로 말디니']"
1399,후이 코스타,"['K. 슈마이켈', '메수트 외질', '네이마르 Jr.', '히바우두', '루드 굴리트']"
1400,후이 파트리시우,"['G. 키엘리니', '루드 굴리트', '파올로 말디니', 'F. 칸나바로']"
1401,히바우두,"['가레스 베일', '라울', '요한 크루이프', '루드 굴리트']"
1402,히샤를리송,"['프랭크 램파드', '로스 바클리', '루드 굴리트', '미하엘 발락']"
1403,히카르두 굴라르,"['폴 포그바', '쿠티뉴', '페드로 포로']"
1404,히카르두 오르타,"['데헤아', '카시야스', 'A. 베고비치', '케일러 나바스', '페트르 체흐']"
1405,히카르두 페레이라,"['뤼카 디뉴', '얀 베르통언', '홍철', '마르셀루', '파올로 말디니']"
